Order,Class,Family,Genus,Species,SpecCode,UsedforAquacultureAcipenseriformes,Actinopterygii,Acipenseridae,Acipenser,baerii,4683,commercialAcipenseriformes,Actinopterygii,Acipenseridae,Acipenser,baerii,4683,commercialAcipenseriformes,Actinopterygii,Acipenseridae,Acipenser,gueldenstaedtii,4712,commercialAcipenseriformes,Actinopterygii,Acipenseridae,Acipenser,gueldenstaedtii,4712,commercialAcipenseriformes,Actinopterygii,Acipenseridae,Acipenser,mikadoi,9762,commercialAcipenseriformes,Actinopterygii,Acipenseridae,Acipenser,nudiventris,2505,commercialAcipenseriformes,Actinopterygii,Acipenseridae,Acipenser,nudiventris,2505,commercialAcipenseriformes,Actinopterygii,Acipenseridae,Acipenser,stellatus,2065,commercialAcipenseriformes,Actinopterygii,Acipenseridae,Acipenser,stellatus,2065,commercialAcipenseriformes,Actinopterygii,Acipenseridae,Acipenser,sturio,2066,commercialAcipenseriformes,Actinopterygii,Acipenseridae,Acipenser,transmontanus,2594,commercialAcipenseriformes,Actinopterygii,Acipenseridae,Acipenser,transmontanus,2594,commercialAcipenseriformes,Actinopterygii,Acipenseridae,Huso,huso,2067,commercialAcipenseriformes,Actinopterygii,Acipenseridae,Huso,huso,2067,commercialAnguilliformes,Actinopterygii,Anguillidae,Anguilla,anguilla,35,commercialAnguilliformes,Actinopterygii,Anguillidae,Anguilla,anguilla,35,commercialAnguilliformes,Actinopterygii,Anguillidae,Anguilla,australis australis,297,commercialAnguilliformes,Actinopterygii,Anguillidae,Anguilla,bengalensis bengalensis,1272,commercialAnguilliformes,Actinopterygii,Anguillidae,Anguilla,japonica,295,commercialAnguilliformes,Actinopterygii,Anguillidae,Anguilla,marmorata,1275,commercialAnguilliformes,Actinopterygii,Anguillidae,Anguilla,mossambica,1276,commercialAnguilliformes,Actinopterygii,Anguillidae,Anguilla,reinhardtii,7512,commercialAnguilliformes,Actinopterygii,Anguillidae,Anguilla,rostrata,296,commercialAnguilliformes,Actinopterygii,Muraenesocidae,Muraenesox,cinereus,298,commercialAtheriniformes,Actinopterygii,Atherinopsidae,Odontesthes,bonariensis,4678,commercialBeloniformes,Actinopterygii,Hemiramphidae,Rhynchorhamphus,malabaricus,25000,commercialClupeiformes,Actinopterygii,Engraulidae,Engraulis,japonicus,1663,commercialElopiformes,Actinopterygii,Megalopidae,Megalops,atlanticus,1079,commercialElopiformes,Actinopterygii,Megalopidae,Megalops,cyprinoides,227,commercialGadiformes,Actinopterygii,Gadidae,Gadus,morhua,69,commercialGadiformes,Actinopterygii,Gadidae,Gadus,morhua,69,commercialGadiformes,Actinopterygii,Gadidae,Gadus,morhua,69,commercialGonorynchiformes,Actinopterygii,Chanidae,Chanos,chanos,80,commercialMugiliformes,Actinopterygii,Mugilidae,Chelon,planiceps,4820,commercialMugiliformes,Actinopterygii,Mugilidae,Crenimugil,crenilabis,5653,commercialMugiliformes,Actinopterygii,Mugilidae,Liza,aurata,1735,commercialMugiliformes,Actinopterygii,Mugilidae,Liza,macrolepis,4816,commercialMugiliformes,Actinopterygii,Mugilidae,Liza,parsia,4668,commercialMugiliformes,Actinopterygii,Mugilidae,Liza,ramada,4583,commercialMugiliformes,Actinopterygii,Mugilidae,Liza,saliens,1736,commercialMugiliformes,Actinopterygii,Mugilidae,Liza,subviridis,4819,commercialMugiliformes,Actinopterygii,Mugilidae,Liza,vaigiensis,5656,commercialMugiliformes,Actinopterygii,Mugilidae,Mugil,cephalus,785,commercialMugiliformes,Actinopterygii,Mugilidae,Mugil,curema,1086,commercialMugiliformes,Actinopterygii,Mugilidae,Mugil,liza,1090,commercialMugiliformes,Actinopterygii,Mugilidae,Mugil,soiuy,4791,commercialMugiliformes,Actinopterygii,Mugilidae,Myxus,petardi,47141,commercialOsmeriformes,Actinopterygii,Plecoglossidae,Plecoglossus,altivelis altivelis,251,commercialPerciformes,Actinopterygii,Carangidae,Carangoides,equula,1920,commercialPerciformes,Actinopterygii,Carangidae,Caranx,ignobilis,1895,commercialPerciformes,Actinopterygii,Carangidae,Caranx,lugubris,1936,commercialPerciformes,Actinopterygii,Carangidae,Caranx,melampygus,1906,commercialPerciformes,Actinopterygii,Carangidae,Caranx,papuensis,6360,commercialPerciformes,Actinopterygii,Carangidae,Gnathanodon,speciosus,4464,commercialPerciformes,Actinopterygii,Carangidae,Pseudocaranx,dentex,1002,commercialPerciformes,Actinopterygii,Carangidae,Seriola,dumerili,1005,commercialPerciformes,Actinopterygii,Carangidae,Seriola,quinqueradiata,381,commercialPerciformes,Actinopterygii,Carangidae,Trachinotus,blochii,1963,commercialPerciformes,Actinopterygii,Carangidae,Trachinotus,carolinus,380,commercialPerciformes,Actinopterygii,Carangidae,Trachinotus,falcatus,1010,commercialPerciformes,Actinopterygii,Carangidae,Trachinotus,goodei,1011,commercialPerciformes,Actinopterygii,Carangidae,Trachinotus,ovatus,1773,commercialPerciformes,Actinopterygii,Carangidae,Trachurus,japonicus,366,commercialPerciformes,Actinopterygii,Centropomidae,Centropomus,undecimalis,345,commercialPerciformes,Actinopterygii,Cichlidae,Tilapia,guineensis,2488,commercialPerciformes,Actinopterygii,Coryphaenidae,Coryphaena,hippurus,6,commercialPerciformes,Actinopterygii,Dichistiidae,Dichistius,multifasciatus,5511,commercialPerciformes,Actinopterygii,Eleotridae,Dormitator,latifrons,3826,commercialPerciformes,Actinopterygii,Ephippidae,Chaetodipterus,faber,1024,commercialPerciformes,Actinopterygii,Ephippidae,Platax,orbicularis,5737,commercialPerciformes,Actinopterygii,Gobiidae,Glossogobius,giuris,4833,commercialPerciformes,Actinopterygii,Haemulidae,Plectorhinchus,cinctus,13033,commercialPerciformes,Actinopterygii,Haemulidae,Plectorhinchus,diagrammus,6628,commercialPerciformes,Actinopterygii,Haemulidae,Pomadasys,kaakan,6006,commercialPerciformes,Actinopterygii,Hapalogenyidae,Hapalogenys,nitens,13036,commercialPerciformes,Actinopterygii,Labridae,Cheilinus,undulatus,5604,commercialPerciformes,Actinopterygii,Labridae,Choerodon,schoenleinii,6433,commercialPerciformes,Actinopterygii,Labridae,Parajulis,poecilepterus,5372,commercialPerciformes,Actinopterygii,Lateolabracidae,Lateolabrax,japonicus,4589,commercialPerciformes,Actinopterygii,Latidae,Lates,calcarifer,346,commercialPerciformes,Actinopterygii,Leiognathidae,Leiognathus,equulus,4451,commercialPerciformes,Actinopterygii,Lethrinidae,Lethrinus,haematopterus,1856,commercialPerciformes,Actinopterygii,Lethrinidae,Lethrinus,nebulosus,1846,commercialPerciformes,Actinopterygii,Lutjanidae,Lutjanus,argentimaculatus,1407,commercialPerciformes,Actinopterygii,Lutjanidae,Lutjanus,erythropterus,1406,commercialPerciformes,Actinopterygii,Lutjanidae,Lutjanus,johnii,264,commercialPerciformes,Actinopterygii,Lutjanidae,Lutjanus,monostigma,166,commercialPerciformes,Actinopterygii,Lutjanidae,Lutjanus,rivulatus,173,commercialPerciformes,Actinopterygii,Lutjanidae,Lutjanus,russellii,176,commercialPerciformes,Actinopterygii,Lutjanidae,Lutjanus,sebae,178,commercialPerciformes,Actinopterygii,Lutjanidae,Lutjanus,stellatus,180,commercialPerciformes,Actinopterygii,Lutjanidae,Ocyurus,chrysurus,188,commercialPerciformes,Actinopterygii,Moronidae,Dicentrarchus,labrax,63,commercialPerciformes,Actinopterygii,Moronidae,Morone,saxatilis,353,commercialPerciformes,Actinopterygii,Oplegnathidae,Oplegnathus,fasciatus,6532,commercialPerciformes,Actinopterygii,Oplegnathidae,Oplegnathus,punctatus,6538,commercialPerciformes,Actinopterygii,Polynemidae,Eleutheronema,tetradactylum,340,commercialPerciformes,Actinopterygii,Polynemidae,Polydactylus,plebeius,7901,commercialPerciformes,Actinopterygii,Pomatomidae,Pomatomus,saltatrix,364,commercialPerciformes,Actinopterygii,Rachycentridae,Rachycentron,canadum,3542,commercialPerciformes,Actinopterygii,Scatophagidae,Scatophagus,argus,4698,commercialPerciformes,Actinopterygii,Sciaenidae,Argyrosomus,japonicus,11979,commercialPerciformes,Actinopterygii,Sciaenidae,Larimichthys,crocea,428,commercialPerciformes,Actinopterygii,Sciaenidae,Protonibea,diacanthus,4571,commercialPerciformes,Actinopterygii,Sciaenidae,Sciaenops,ocellatus,1191,commercialPerciformes,Actinopterygii,Scombridae,Scomber,japonicus,117,commercialPerciformes,Actinopterygii,Scombridae,Scomberomorus,niphonius,131,commercialPerciformes,Actinopterygii,Scombridae,Thunnus,maccoyii,145,commercialPerciformes,Actinopterygii,Scombridae,Thunnus,orientalis,14290,commercialPerciformes,Actinopterygii,Scombridae,Thunnus,thynnus,147,commercialPerciformes,Actinopterygii,Scombridae,Thunnus,thynnus,147,commercialPerciformes,Actinopterygii,Serranidae,Cromileptes,altivelis,6457,commercialPerciformes,Actinopterygii,Serranidae,Epinephelus,akaara,5158,commercialPerciformes,Actinopterygii,Serranidae,Epinephelus,areolatus,5367,commercialPerciformes,Actinopterygii,Serranidae,Epinephelus,awoara,7329,commercialPerciformes,Actinopterygii,Serranidae,Epinephelus,bleekeri,7333,commercialPerciformes,Actinopterygii,Serranidae,Epinephelus,bruneus,7335,commercialPerciformes,Actinopterygii,Serranidae,Epinephelus,coioides,6465,commercialPerciformes,Actinopterygii,Serranidae,Epinephelus,fuscoguttatus,4460,commercialPerciformes,Actinopterygii,Serranidae,Epinephelus,lanceolatus,6468,commercialPerciformes,Actinopterygii,Serranidae,Epinephelus,malabaricus,6439,commercialPerciformes,Actinopterygii,Serranidae,Epinephelus,merra,4923,commercialPerciformes,Actinopterygii,Serranidae,Epinephelus,tauvina,4461,commercialPerciformes,Actinopterygii,Serranidae,Hyporthodus,septemfasciatus,6574,commercialPerciformes,Actinopterygii,Serranidae,Plectropomus,leopardus,4826,commercialPerciformes,Actinopterygii,Serranidae,Plectropomus,maculatus,4886,commercialPerciformes,Actinopterygii,Siganidae,Siganus,canaliculatus,4456,commercialPerciformes,Actinopterygii,Siganidae,Siganus,fuscescens,4616,commercialPerciformes,Actinopterygii,Siganidae,Siganus,guttatus,4588,commercialPerciformes,Actinopterygii,Siganidae,Siganus,rivulatus,4545,commercialPerciformes,Actinopterygii,Sillaginidae,Sillago,sihama,4544,commercialPerciformes,Actinopterygii,Sparidae,Acanthopagrus,australis,8109,commercialPerciformes,Actinopterygii,Sparidae,Acanthopagrus,latus,6356,commercialPerciformes,Actinopterygii,Sparidae,Acanthopagrus,schlegelii schlegelii,6531,commercialPerciformes,Actinopterygii,Sparidae,Acanthopagrus,sivicolus,6583,commercialPerciformes,Actinopterygii,Sparidae,Dentex,dentex,439,commercialPerciformes,Actinopterygii,Sparidae,Diplodus,sargus sargus,1753,commercialPerciformes,Actinopterygii,Sparidae,Evynnis,japonica,5380,commercialPerciformes,Actinopterygii,Sparidae,Pagrus,major,445,commercialPerciformes,Actinopterygii,Sparidae,Pagrus,pagrus,1756,commercialPerciformes,Actinopterygii,Sparidae,Rhabdosargus,sarba,5368,commercialPerciformes,Actinopterygii,Sparidae,Sparus,aurata,1164,commercialPerciformes,Actinopterygii,Terapontidae,Rhynchopelates,oxyrhynchus,6581,commercialPerciformes,Actinopterygii,Terapontidae,Terapon,jarbua,4458,commercialPetromyzontiformes,Cephalaspidomorphi,Petromyzontidae,Lethenteron,camtschaticum,2524,commercialPleuronectiformes,Actinopterygii,Paralichthyidae,Paralichthys,olivaceus,1351,commercialPleuronectiformes,Actinopterygii,Pleuronectidae,Pleuronectes,platessa,1342,commercialPleuronectiformes,Actinopterygii,Pleuronectidae,Pleuronectes,platessa,1342,commercialPleuronectiformes,Actinopterygii,Pleuronectidae,Pseudopleuronectes,yokohamae,8170,commercialPleuronectiformes,Actinopterygii,Scophthalmidae,Scophthalmus,maximus,1348,commercialPleuronectiformes,Actinopterygii,Scophthalmidae,Scophthalmus,maximus,1348,commercialPleuronectiformes,Actinopterygii,Soleidae,Pegusa,impar,1762,commercialPleuronectiformes,Actinopterygii,Soleidae,Solea,solea,525,commercialPleuronectiformes,Actinopterygii,Soleidae,Solea,solea,525,commercialSalmoniformes,Actinopterygii,Salmonidae,Coregonus,lavaretus,232,commercialSalmoniformes,Actinopterygii,Salmonidae,Coregonus,maraena,48236,commercialSalmoniformes,Actinopterygii,Salmonidae,Coregonus,oxyrinchus,233,commercialSalmoniformes,Actinopterygii,Salmonidae,Coregonus,peled,4687,commercialSalmoniformes,Actinopterygii,Salmonidae,Coregonus,pidschian,2676,commercialSalmoniformes,Actinopterygii,Salmonidae,Oncorhynchus,clarkii clarkii,2688,commercialSalmoniformes,Actinopterygii,Salmonidae,Oncorhynchus,clarkii clarkii,2688,commercialSalmoniformes,Actinopterygii,Salmonidae,Oncorhynchus,gorbuscha,240,commercialSalmoniformes,Actinopterygii,Salmonidae,Oncorhynchus,keta,241,commercialSalmoniformes,Actinopterygii,Salmonidae,Oncorhynchus,kisutch,245,commercialSalmoniformes,Actinopterygii,Salmonidae,Oncorhynchus,masou macrostomus,6547,commercialSalmoniformes,Actinopterygii,Salmonidae,Oncorhynchus,masou masou,242,commercialSalmoniformes,Actinopterygii,Salmonidae,Oncorhynchus,mykiss,239,commercialSalmoniformes,Actinopterygii,Salmonidae,Oncorhynchus,nerka,243,commercialSalmoniformes,Actinopterygii,Salmonidae,Oncorhynchus,tshawytscha,244,commercialSalmoniformes,Actinopterygii,Salmonidae,Salmo,salar,236,commercialSalmoniformes,Actinopterygii,Salmonidae,Salmo,salar,236,commercialSalmoniformes,Actinopterygii,Salmonidae,Salmo,trutta fario,2083,commercialSalmoniformes,Actinopterygii,Salmonidae,Salmo,trutta trutta,238,commercialSalmoniformes,Actinopterygii,Salmonidae,Salmo,trutta trutta,238,commercialSalmoniformes,Actinopterygii,Salmonidae,Salvelinus,alpinus alpinus,247,commercialSalmoniformes,Actinopterygii,Salmonidae,Salvelinus,fontinalis,246,commercialSalmoniformes,Actinopterygii,Salmonidae,Stenodus,leucichthys,2692,commercialScorpaeniformes,Actinopterygii,Hexagrammidae,Pleurogrammus,azonus,510,commercialScorpaeniformes,Actinopterygii,Platycephalidae,Platycephalus,indicus,950,commercialScorpaeniformes,Actinopterygii,Sebastidae,Sebastes,inermis,4586,commercialScorpaeniformes,Actinopterygii,Sebastidae,Sebastes,schlegelii,6534,commercialScorpaeniformes,Actinopterygii,Sebastidae,Sebastiscus,marmoratus,4597,commercialScorpaeniformes,Actinopterygii,Synanceiidae,Inimicus,japonicus,6386,commercialSyngnathiformes,Actinopterygii,Syngnathidae,Hippocampus,kuda,5955,commercialSyngnathiformes,Actinopterygii,Syngnathidae,Hippocampus,trimaculatus,22816,commercialTetraodontiformes,Actinopterygii,Tetraodontidae,Takifugu,obscurus,24264,commercialTetraodontiformes,Actinopterygii,Tetraodontidae,Takifugu,rubripes,8198,commercialAnguilliformes,Actinopterygii,Anguillidae,Anguilla,dieffenbachii,11878,experimentalClupeiformes,Actinopterygii,Clupeidae,Ethmalosa,fimbriata,1594,experimentalClupeiformes,Actinopterygii,Clupeidae,Tenualosa,ilisha,1596,experimentalGadiformes,Actinopterygii,Gadidae,Melanogrammus,aeglefinus,1381,experimentalGadiformes,Actinopterygii,Gadidae,Melanogrammus,aeglefinus,1381,experimentalPerciformes,Actinopterygii,Anarhichadidae,Anarhichas,lupus,2501,experimentalPerciformes,Actinopterygii,Coryphaenidae,Coryphaena,equiselis,7,experimentalPerciformes,Actinopterygii,Coryphaenidae,Coryphaena,equiselis,7,experimentalPerciformes,Actinopterygii,Lutjanidae,Lutjanus,argentiventris,1408,experimentalPerciformes,Actinopterygii,Polynemidae,Polydactylus,sexfilis,6416,experimentalPerciformes,Actinopterygii,Sciaenidae,Cynoscion,steindachneri,1177,experimentalPerciformes,Actinopterygii,Serranidae,Epinephelus,aeneus,426,experimentalPerciformes,Actinopterygii,Serranidae,Epinephelus,polyphekadion,6473,experimentalPerciformes,Actinopterygii,Serranidae,Epinephelus,trimaculatus,7368,experimentalPerciformes,Actinopterygii,Siganidae,Siganus,randalli,4626,experimentalPerciformes,Actinopterygii,Sillaginidae,Sillaginodes,punctatus,8489,experimentalPerciformes,Actinopterygii,Sillaginidae,Sillago,ciliata,4709,experimentalPerciformes,Actinopterygii,Sillaginidae,Sillago,maculata,7925,experimentalPerciformes,Actinopterygii,Sparidae,Chrysophrys,auratus,6426,experimentalPetromyzontiformes,Cephalaspidomorphi,Petromyzontidae,Caspiomyzon,wagneri,8718,experimentalPleuronectiformes,Actinopterygii,Pleuronectidae,Hippoglossus,hippoglossus,1371,experimentalPleuronectiformes,Actinopterygii,Pleuronectidae,Limanda,ferruginea,521,experimentalPleuronectiformes,Actinopterygii,Pleuronectidae,Pseudopleuronectes,americanus,524,experimentalPleuronectiformes,Actinopterygii,Pleuronectidae,Rhombosolea,tapirina,8889,experimentalPleuronectiformes,Actinopterygii,Soleidae,Solea,senegalensis,8852,experimentalSalmoniformes,Actinopterygii,Salmonidae,Coregonus,albula,231,experimentalSalmoniformes,Actinopterygii,Salmonidae,Hucho,perryi,9182,experimentalPerciformes,Actinopterygii,Siganidae,Siganus,vermiculatus,4561,likely future usePerciformes,Actinopterygii,Sillaginidae,Sillago,analis,8492,likely future usePerciformes,Actinopterygii,Sillaginidae,Sillago,japonica,6576,likely future usePerciformes,Actinopterygii,Sillaginidae,Sillago,parvisquamis,8534,likely future usePerciformes,Actinopterygii,Sillaginidae,Sillago,schomburgkii,7972,likely future usePerciformes,Actinopterygii,Sillaginidae,Sillago,vincenti,8319,likely future usePerciformes,Actinopterygii,Terapontidae,Mesopristes,cancellatus,23487,likely future useScorpaeniformes,Actinopterygii,Anoplopomatidae,Anoplopoma,fimbria,512,likely future use