id,group,order,family,genus,binomial,english,domesticated species,notes,Source1,Antelopes,Artiodactyla,Bovidae,Aepyceros,Aepyceros melampus,Impala,,,FAO World Watch List 2,Antelopes,Artiodactyla,Bovidae,Antidorcas,Antidorcas marsupialis,Springbok,,,FAO World Watch List 3,Antelopes,Artiodactyla,Bovidae,Antilope,Antilope cervicapra,Blackbuck,,,FAO World Watch List 4,Antelopes,Artiodactyla,Bovidae,Boselephas,Boselephas tragocamelus,Nilgai,,,FAO World Watch List 5,Antelopes,Artiodactyla,Bovidae,Cephalophus,Cephalophus adersi,Aders' Duiker,,,FAO World Watch List all Cephalophus spp. from RL6,Antelopes,Artiodactyla,Bovidae,Cephalophus,Cephalophus callipygus,Peters' Duiker,,,FAO World Watch List all Cephalophus spp. from RL7,Antelopes,Artiodactyla,Bovidae,Cephalophus,Cephalophus dorsalis,Bay Duiker,,,FAO World Watch List all Cephalophus spp. from RL8,Antelopes,Artiodactyla,Bovidae,Cephalophus,Cephalophus harveyi,Harvey's Duiker,,,FAO World Watch List all Cephalophus spp. from RL9,Antelopes,Artiodactyla,Bovidae,Cephalophus,Cephalophus jentinki,Jentink's Duiker,,,FAO World Watch List all Cephalophus spp. from RL10,Antelopes,Artiodactyla,Bovidae,Cephalophus,Cephalophus leucogaster,White-bellied Duiker,,,FAO World Watch List all Cephalophus spp. from RL11,Antelopes,Artiodactyla,Bovidae,Cephalophus,Cephalophus natalensis,Natal Red Duiker,,,FAO World Watch List all Cephalophus spp. from RL12,Antelopes,Artiodactyla,Bovidae,Cephalophus,Cephalophus niger,Black Duiker,,,FAO World Watch List all Cephalophus spp. from RL13,Antelopes,Artiodactyla,Bovidae,Cephalophus,Cephalophus nigrifrons,Black-fronted Duiker,,,FAO World Watch List all Cephalophus spp. from RL14,Antelopes,Artiodactyla,Bovidae,Cephalophus,Cephalophus ogilbyi,Ogilby's Duiker,,,FAO World Watch List all Cephalophus spp. from RL15,Antelopes,Artiodactyla,Bovidae,Cephalophus,Cephalophus rufilatus,Red-flanked Duiker,,,FAO World Watch List all Cephalophus spp. from RL16,Antelopes,Artiodactyla,Bovidae,Cephalophus,Cephalophus silvicultor,Yellow-backed Duiker,,,FAO World Watch List all Cephalophus spp. from RL17,Antelopes,Artiodactyla,Bovidae,Cephalophus,Cephalophus spadix,Abbott's Duiker,,,FAO World Watch List all Cephalophus spp. from RL18,Antelopes,Artiodactyla,Bovidae,Cephalophus,Cephalophus weynsi,Weyns' Duiker,,,FAO World Watch List all Cephalophus spp. from RL19,Antelopes,Artiodactyla,Bovidae,Cephalophus,Cephalophus zebra,Zebra Duiker,,,FAO World Watch List all Cephalophus spp. from RL20,Antelopes,Artiodactyla,Bovidae,Cephalophus,Sylvicapra grimmia,Common duiker,,,FAO World Watch List all Sylvicapra spp. from RL21,Antelopes,Artiodactyla,Bovidae,Oryx,Oryx beisa,Beisa oryx,,includes subsp. O. b. callotus,FAO World Watch List 22,Antelopes,Artiodactyla,Bovidae,Oryx,Oryx gazella,Gemsbok,,,FAO World Watch List 23,Antelopes,Artiodactyla,Bovidae,Saiga,Saiga tartarica,Mongolian Saiga,,,FAO World Watch List 24,Antelopes,Artiodactyla,Bovidae,Tragelaphus,Tragelaphus oryx,Common eland,,syn. Taurotragus oryx,FAO World Watch List 25,Bears,Carnivora,Ursidae,Ursus,Ursus arctos,Brown bear,,,FAO World Watch List 26,Bears,Carnivora,Ursidae,Ursus,Ursus thibetanus,Asiatic black bear,,,FAO World Watch List 27,Birds,Anseriformes,Anatidae,Anas,Anas platyrhynchos,Mallard,,,FAO World Watch List 28,Birds,Anseriformes,Anatidae,Anser,Anser anser,Greylag goose,,,FAO World Watch List 29,Birds,Anseriformes,Anatidae,Anser,Anser cygnoides,Swan goose,,,FAO World Watch List 30,Birds,Anseriformes,Anatidae,Anser,Anser indicus,BAR-HEADED GOOSE,,,FAO World Watch List 31,Birds,Anseriformes,Anatidae,Anser,Branta ruficollis,Red-breasted goose,,,FAO World Watch List 32,Birds,Anseriformes,Anatidae,Anser,Branta sandvicensis,Ne-ne,,,FAO World Watch List 33,Birds,Anseriformes,Anatidae,Anser,Chen caerulescens,Snow goose,,syn. Anser caerulescens,FAO World Watch List 34,Birds,Anseriformes,Anatidae,Cairina,Cairina moschata,Muscovy Duck,,,FAO World Watch List - all Cairina spp.35,Birds,Anseriformes,Anatidae,Cairina,Cairina scutulata,"White-winged Duck, White-winged Wood Duck",,,FAO World Watch List - all Cairina spp.36,Birds,Anseriformes,Anatidae,Dendrocygna,Dendrocygna arborea,"Black-billed Wood-duck, Cuban Tree-duck, West Indian Tree-duck, West Indian Whistling-duck, West Indian Whistling Duck, West Indian Whistling-Duck",,,FAO World Watch List - all Dendrocygna spp.37,Birds,Anseriformes,Anatidae,Dendrocygna,Dendrocygna arcuata,"Wandering Whistling-duck, Wandering Whistling Duck, Wandering Whistling-Duck",,,FAO World Watch List - all Dendrocygna spp.38,Birds,Anseriformes,Anatidae,Dendrocygna,Dendrocygna autumnalis,"Black-bellied Whistling-duck, Black-bellied Whistling Duck, Black-bellied Whistling-Duck",,,FAO World Watch List - all Dendrocygna spp.39,Birds,Anseriformes,Anatidae,Dendrocygna,Dendrocygna bicolor,"Fulvous Duck, Fulvous Whistling-duck, Fulvous Whistling Duck, Fulvous Whistling-Duck",,,FAO World Watch List - all Dendrocygna spp.40,Birds,Anseriformes,Anatidae,Dendrocygna,Dendrocygna eytoni,"Grass Whistling Duck, Plumed Whistling-duck, Plumed Whistling Duck, Plumed Whistling-Duck",,,FAO World Watch List - all Dendrocygna spp.41,Birds,Anseriformes,Anatidae,Dendrocygna,Dendrocygna guttata,"Spotted Whistling-duck, Spotted Whistling Duck, Spotted Whistling-Duck",,,FAO World Watch List - all Dendrocygna spp.42,Birds,Anseriformes,Anatidae,Dendrocygna,Dendrocygna javanica,"Lesser Whistling-duck, Lesser Whistling Duck, Lesser Whistling-Duck",,,FAO World Watch List - all Dendrocygna spp.43,Birds,Anseriformes,Anatidae,Dendrocygna,Dendrocygna viduata,"White-faced Duck, White-faced Whistling-duck, White-faced Whistling Duck, White-faced Whistling-Duck",,,FAO World Watch List - all Dendrocygna spp.44,Birds,Casuariiformes,Dromaiidae,Dromanius,Dromaius novaehollandiae,Emu,,syn. Dromanius novaehollandiae,FAO World Watch List 45,Birds,GALLIFORMES,CRACIDAE,Aburria,Aburria aburri,Wattled Guan,,,McGowan 201046,Birds,GALLIFORMES,CRACIDAE,Chamaepetes,Chamaepetes goudotii,Sickle-winged Guan,,,McGowan 201047,Birds,GALLIFORMES,CRACIDAE,Chamaepetes,Chamaepetes unicolor,Black Guan,,,McGowan 201048,Birds,GALLIFORMES,CRACIDAE,Crax,Crax alberti,"Blue-billed Curassow, Blue-knobbed Curassow",,,McGowan 201049,Birds,GALLIFORMES,CRACIDAE,Crax,Crax alector,Black Curassow,,,McGowan 201050,Birds,GALLIFORMES,CRACIDAE,Crax,Crax blumenbachii,"Mutum, Red-billed Curassow, Red-knobbed Curassow",,,McGowan 201051,Birds,GALLIFORMES,CRACIDAE,Crax,Crax daubentoni,Yellow-knobbed Curassow,,,McGowan 201052,Birds,GALLIFORMES,CRACIDAE,Crax,Crax fasciolata,Bare-faced Curassow,,,McGowan 201053,Birds,GALLIFORMES,CRACIDAE,Crax,Crax globulosa,Wattled Curassow,,,McGowan 201054,Birds,GALLIFORMES,CRACIDAE,Crax,Crax rubra,Great Curassow,,,McGowan 201055,Birds,GALLIFORMES,CRACIDAE,Mitu,Mitu mitu,Alagoas Curassow,,,McGowan 201056,Birds,GALLIFORMES,CRACIDAE,Mitu,Mitu salvini,"Salvin's Curassow, Salvin's Currasow",,,McGowan 201057,Birds,GALLIFORMES,CRACIDAE,Mitu,Mitu tomentosum,Crestless Curassow,,,McGowan 201058,Birds,GALLIFORMES,CRACIDAE,Mitu,Mitu tuberosum,Razor-billed Curassow,,,McGowan 201059,Birds,GALLIFORMES,CRACIDAE,Nothocrax,Nothocrax urumutum,Nocturnal Curassow,,,McGowan 201060,Birds,GALLIFORMES,CRACIDAE,Oreophasis,Oreophasis derbianus,Horned Guan,,,McGowan 201061,Birds,GALLIFORMES,CRACIDAE,Ortalis,Ortalis canicollis,Chaco Chachalaca,,,McGowan 201062,Birds,GALLIFORMES,CRACIDAE,Ortalis,Ortalis cinereiceps,"Gray-headed Chachalaca, Grey-headed Chachalaca",,,McGowan 201063,Birds,GALLIFORMES,CRACIDAE,Ortalis,Ortalis columbiana,Colombian Chachalaca,,,McGowan 201064,Birds,GALLIFORMES,CRACIDAE,Ortalis,Ortalis erythroptera,"Rufous-headed Chachalaca, Rufous Headed Chachalaca",,,McGowan 201065,Birds,GALLIFORMES,CRACIDAE,Ortalis,Ortalis garrula,Chestnut-winged Chachalaca,,,McGowan 201066,Birds,GALLIFORMES,CRACIDAE,Ortalis,Ortalis guttata,Speckled Chachalaca,,,McGowan 201067,Birds,GALLIFORMES,CRACIDAE,Ortalis,Ortalis leucogastra,White-bellied Chachalaca,,,McGowan 201068,Birds,GALLIFORMES,CRACIDAE,Ortalis,Ortalis motmot,"Little Chachalaca, Variable Chachalaca",,,McGowan 201069,Birds,GALLIFORMES,CRACIDAE,Ortalis,Ortalis poliocephala,West Mexican Chachalaca,,,McGowan 201070,Birds,GALLIFORMES,CRACIDAE,Ortalis,Ortalis ruficauda,Rufous-vented Chachalaca,,,McGowan 201071,Birds,GALLIFORMES,CRACIDAE,Ortalis,Ortalis superciliaris,Buff-browed Chachalaca,,,McGowan 201072,Birds,GALLIFORMES,CRACIDAE,Ortalis,Ortalis vetula,Plain Chachalaca,,,McGowan 201073,Birds,GALLIFORMES,CRACIDAE,Ortalis,Ortalis wagleri,Rufous-bellied Chachalaca,,,McGowan 201074,Birds,GALLIFORMES,CRACIDAE,Pauxi,Pauxi pauxi,"Helmeted Curassow, Northern Helmeted Curassow",,,McGowan 201075,Birds,GALLIFORMES,CRACIDAE,Pauxi,Pauxi unicornis,"Horned Curassow, Southern Helmeted Curassow",,,McGowan 201076,Birds,GALLIFORMES,CRACIDAE,Penelope,Penelope albipennis,White-winged Guan,,,McGowan 201077,Birds,GALLIFORMES,CRACIDAE,Penelope,Penelope argyrotis,Band-tailed Guan,,,McGowan 201078,Birds,GALLIFORMES,CRACIDAE,Penelope,Penelope barbata,Bearded Guan,,,McGowan 201079,Birds,GALLIFORMES,CRACIDAE,Penelope,Penelope dabbenei,Red-faced Guan,,,McGowan 201080,Birds,GALLIFORMES,CRACIDAE,Penelope,Penelope jacquacu,Spix's Guan,,,McGowan 201081,Birds,GALLIFORMES,CRACIDAE,Penelope,Penelope jacucaca,White-browed Guan,,,McGowan 201082,Birds,GALLIFORMES,CRACIDAE,Penelope,Penelope marail,Marail Guan,,,McGowan 201083,Birds,GALLIFORMES,CRACIDAE,Penelope,Penelope montagnii,Andean Guan,,,McGowan 201084,Birds,GALLIFORMES,CRACIDAE,Penelope,Penelope obscura,Dusky-legged Guan,,,McGowan 201085,Birds,GALLIFORMES,CRACIDAE,Penelope,Penelope ochrogaster,Chestnut-bellied Guan,,,McGowan 201086,Birds,GALLIFORMES,CRACIDAE,Penelope,Penelope ortoni,"Baudo Guan, Baudï¿½ Guan",,,McGowan 201087,Birds,GALLIFORMES,CRACIDAE,Penelope,Penelope perspicax,Cauca Guan,,,McGowan 201088,Birds,GALLIFORMES,CRACIDAE,Penelope,Penelope pileata,White-crested Guan,,,McGowan 201089,Birds,GALLIFORMES,CRACIDAE,Penelope,Penelope purpurascens,Crested Guan,,,McGowan 201090,Birds,GALLIFORMES,CRACIDAE,Penelope,Penelope superciliaris,Rusty-margined Guan,,,McGowan 201091,Birds,GALLIFORMES,CRACIDAE,Penelopina,Penelopina nigra,Highland Guan,,,McGowan 201092,Birds,GALLIFORMES,CRACIDAE,Pipile,Pipile cujubi,"Red-throated Piping-guan, Red-throated Piping-Guan",,,McGowan 201093,Birds,GALLIFORMES,CRACIDAE,Pipile,Pipile cumanensis,"Blue-throated Piping-guan, Blue-throated Piping-Guan",,,McGowan 201094,Birds,GALLIFORMES,CRACIDAE,Pipile,Pipile jacutinga,"Black Fronted Curassow, Black-fronted Piping-guan, Black-fronted Piping Guan, Black-fronted Piping-Guan",,,McGowan 201095,Birds,GALLIFORMES,CRACIDAE,Pipile,Pipile pipile,"Common Piping Guan, Trinidad Piping-guan, Trinidad Piping-Guan, Trinidad White-headed Curassow, Trinidad White-headed Piping Guan",,,McGowan 201096,Birds,Galliformes,Galliformidae,Gallus,Gallus gallus,Red Junglefowl,,,FAO World Watch List - all Gallus spp.97,Birds,Galliformes,Galliformidae,Gallus,Gallus lafayetii,"Ceylon Junglefowl, Sri Lanka Junglefowl",,,FAO World Watch List - all Gallus spp.98,Birds,Galliformes,Galliformidae,Gallus,Gallus sonneratii,"Grey Junglefowl, Sonnerat's Junglefowl",,,FAO World Watch List - all Gallus spp.99,Birds,Galliformes,Galliformidae,Gallus,Gallus varius,Green Junglefowl,,,FAO World Watch List - all Gallus spp.100,Birds,GALLIFORMES,MEGAPODIIDAE,Aepypodius,Aepypodius arfakianus,"Wattled Brushturkey, Wattled Brush-turkey",,,McGowan 2010101,Birds,GALLIFORMES,MEGAPODIIDAE,Aepypodius,Aepypodius bruijnii,"Bruijn's Brush-turkey, Waigeo Brushturkey, Waigeo Brush-turkey",,,McGowan 2010102,Birds,GALLIFORMES,MEGAPODIIDAE,Alectura,Alectura lathami,"Australian Brushturkey, Australian Brush-turkey",,,McGowan 2010103,Birds,GALLIFORMES,MEGAPODIIDAE,Eulipoa,Eulipoa wallacei,"Moluccan Megapode, Moluccan Scrubfowl",,,McGowan 2010104,Birds,GALLIFORMES,MEGAPODIIDAE,Leipoa,Leipoa ocellata,Malleefowl,,,McGowan 2010105,Birds,GALLIFORMES,MEGAPODIIDAE,Macrocephalon,Macrocephalon maleo,"Gray's Brush-turkey, Maleo, Maleo Megapode",,,McGowan 2010106,Birds,GALLIFORMES,MEGAPODIIDAE,Megapodius,Megapodius affinis,"New Guinea Megapode, New Guinea Scrubfowl",,,McGowan 2010107,Birds,GALLIFORMES,MEGAPODIIDAE,Megapodius,Megapodius bernsteinii,"Sula Megapode, Sula Scrubfowl",,,McGowan 2010108,Birds,GALLIFORMES,MEGAPODIIDAE,Megapodius,Megapodius cumingii,"Philippine Megapode, Tabon Megapode, Tabon Scrubfowl",,,McGowan 2010109,Birds,GALLIFORMES,MEGAPODIIDAE,Megapodius,Megapodius eremita,"Melanesian Megapode, Melanesian Scrubfowl",,,McGowan 2010110,Birds,GALLIFORMES,MEGAPODIIDAE,Megapodius,Megapodius freycinet,Dusky Megapode,,,McGowan 2010111,Birds,GALLIFORMES,MEGAPODIIDAE,Megapodius,Megapodius geelvinkianus,Biak Megapode,,,McGowan 2010112,Birds,GALLIFORMES,MEGAPODIIDAE,Megapodius,Megapodius laperouse,"Marianas Scrubfowl, Micronesian Megapode, Micronesian Scrubfowl",,,McGowan 2010113,Birds,GALLIFORMES,MEGAPODIIDAE,Megapodius,Megapodius layardi,"New Hebrides Scrubfowl, Vanuatu Megapode, Vanuatu Scrubfowl",,,McGowan 2010114,Birds,GALLIFORMES,MEGAPODIIDAE,Megapodius,Megapodius nicobariensis,"Nicobar Megapode, Nicobar Scrubfowl",,,McGowan 2010115,Birds,GALLIFORMES,MEGAPODIIDAE,Megapodius,Megapodius pritchardii,"Nevafou Megapode, Niaufoou Scrubfowl, Polynesian Megapode, Polynesian Scrubfowl, Tongan Megapode",,,McGowan 2010116,Birds,GALLIFORMES,MEGAPODIIDAE,Megapodius,Megapodius reinwardt,"Orange-footed Megapode, Orange-footed Scrubfowl, Scrubfowl",,,McGowan 2010117,Birds,GALLIFORMES,MEGAPODIIDAE,Megapodius,Megapodius tenimberensis,Tanimbar Megapode,,,McGowan 2010118,Birds,GALLIFORMES,MEGAPODIIDAE,Talegalla,Talegalla cuvieri,"Red-billed Brushturkey, Red-billed Brush-turkey",,,McGowan 2010119,Birds,GALLIFORMES,MEGAPODIIDAE,Talegalla,Talegalla fuscirostris,"Black-billed Brushturkey, Black-billed Brush-turkey",,,McGowan 2010120,Birds,GALLIFORMES,MEGAPODIIDAE,Talegalla,Talegalla jobiensis,"Brown-collared Brush-turkey, Collared Brushturkey",,,McGowan 2010121,Birds,GALLIFORMES,NUMIDIDAE,Agelastes,Agelastes meleagrides,White-breasted Guineafowl,,,McGowan 2010122,Birds,GALLIFORMES,NUMIDIDAE,Agelastes,Agelastes niger,Black Guineafowl,,,McGowan 2010123,Birds,GALLIFORMES,NUMIDIDAE,Guttera,Guttera plumifera,Plumed Guineafowl,,,McGowan 2010124,Birds,GALLIFORMES,NUMIDIDAE,Guttera,Guttera pucherani,Crested Guineafowl,,,McGowan 2010125,Birds,GALLIFORMES,ODONTOPHORIDAE,Callipepla,Callipepla californica,California Quail,,,McGowan 2010126,Birds,GALLIFORMES,ODONTOPHORIDAE,Callipepla,Callipepla douglasii,Elegant Quail,,,McGowan 2010127,Birds,GALLIFORMES,ODONTOPHORIDAE,Callipepla,Callipepla gambelii,Gambel's Quail,,,McGowan 2010128,Birds,GALLIFORMES,ODONTOPHORIDAE,Callipepla,Callipepla squamata,Scaled Quail,,,McGowan 2010129,Birds,GALLIFORMES,ODONTOPHORIDAE,Colinus,Colinus cristatus,Crested Bobwhite,,,McGowan 2010130,Birds,GALLIFORMES,ODONTOPHORIDAE,Colinus,Colinus nigrogularis,"Black-throated Bobwhite, Yucatan Bobwhite",,,McGowan 2010131,Birds,GALLIFORMES,ODONTOPHORIDAE,Colinus,Colinus virginianus,"Bobwhite, Bobwhite Quail, Northern Bobwhite",,,McGowan 2010132,Birds,GALLIFORMES,ODONTOPHORIDAE,Cyrtonyx,Cyrtonyx montezumae,Montezuma Quail,,,McGowan 2010133,Birds,GALLIFORMES,ODONTOPHORIDAE,Cyrtonyx,Cyrtonyx ocellatus,Ocellated Quail,,,McGowan 2010134,Birds,GALLIFORMES,ODONTOPHORIDAE,Dactylortyx,Dactylortyx thoracicus,Singing Quail,,,McGowan 2010135,Birds,GALLIFORMES,ODONTOPHORIDAE,Dendrortyx,Dendrortyx barbatus,"Bearded Wood-partridge, Bearded Wood Partridge, Bearded Wood-Partridge",,,McGowan 2010136,Birds,GALLIFORMES,ODONTOPHORIDAE,Dendrortyx,Dendrortyx leucophrys,"Buffy-crowned Wood-partridge, Buffy-crowned Wood Partridge, Buffy-crowned Wood-Partridge",,,McGowan 2010137,Birds,GALLIFORMES,ODONTOPHORIDAE,Dendrortyx,Dendrortyx macroura,"Long-tailed Wood-partridge, Long-tailed Wood Partridge, Long-tailed Wood-Partridge",,,McGowan 2010138,Birds,GALLIFORMES,ODONTOPHORIDAE,Odontophorus,Odontophorus atrifrons,"Black-fronted Wood-quail, Black-fronted Wood Quail, Black-fronted Wood-Quail",,,McGowan 2010139,Birds,GALLIFORMES,ODONTOPHORIDAE,Odontophorus,Odontophorus balliviani,"Stripe-faced Wood-quail, Stripe-faced Wood Quail, Stripe-faced Wood-Quail",,,McGowan 2010140,Birds,GALLIFORMES,ODONTOPHORIDAE,Odontophorus,Odontophorus capueira,"Spot-winged Wood-quail, Spot-winged Wood Quail, Spot-winged Wood-Quail",,,McGowan 2010141,Birds,GALLIFORMES,ODONTOPHORIDAE,Odontophorus,Odontophorus columbianus,"Venezuelan Wood-quail, Venezuelan Wood Quail, Venezuelan Wood-Quail",,,McGowan 2010142,Birds,GALLIFORMES,ODONTOPHORIDAE,Odontophorus,Odontophorus dialeucos,"Tacarcuna Wood-quail, Tacarcuna Wood Quail, Tacarcuna Wood-Quail",,,McGowan 2010143,Birds,GALLIFORMES,ODONTOPHORIDAE,Odontophorus,Odontophorus erythrops,"Rufous-fronted Wood-quail, Rufous-fronted Wood Quail, Rufous-fronted Wood-Quail",,,McGowan 2010144,Birds,GALLIFORMES,ODONTOPHORIDAE,Odontophorus,Odontophorus gujanensis,"Marbled Wood-quail, Marbled Wood Quail, Marbled Wood-Quail",,,McGowan 2010145,Birds,GALLIFORMES,ODONTOPHORIDAE,Odontophorus,Odontophorus guttatus,"Spotted Wood-quail, Spotted Wood Quail, Spotted Wood-Quail",,,McGowan 2010146,Birds,GALLIFORMES,ODONTOPHORIDAE,Odontophorus,Odontophorus hyperythrus,"Chestnut Wood-quail, Chestnut Wood Quail, Chestnut Wood-Quail",,,McGowan 2010147,Birds,GALLIFORMES,ODONTOPHORIDAE,Odontophorus,Odontophorus leucolaemus,"Black-breasted Wood-quail, Black-breasted Wood Quail, Black-breasted Wood-Quail",,,McGowan 2010148,Birds,GALLIFORMES,ODONTOPHORIDAE,Odontophorus,Odontophorus melanonotus,"Dark-backed Wood-quail, Dark-backed Wood Quail, Dark-backed Wood-Quail",,,McGowan 2010149,Birds,GALLIFORMES,ODONTOPHORIDAE,Odontophorus,Odontophorus melanotis,"Black-eared Wood-quail, Black-eared Wood Quail, Black-eared Wood-Quail",,,McGowan 2010150,Birds,GALLIFORMES,ODONTOPHORIDAE,Odontophorus,Odontophorus speciosus,"Rufous-breasted Wood-quail, Rufous-breasted Wood Quail, Rufous-breasted Wood-Quail",,,McGowan 2010151,Birds,GALLIFORMES,ODONTOPHORIDAE,Odontophorus,Odontophorus stellatus,"Starred Wood-quail, Starred Wood Quail, Starred Wood-Quail",,,McGowan 2010152,Birds,GALLIFORMES,ODONTOPHORIDAE,Odontophorus,Odontophorus strophium,"Gorgeted Wood-quail, Gorgeted Wood Quail, Gorgeted Wood-Quail",,,McGowan 2010153,Birds,GALLIFORMES,ODONTOPHORIDAE,Oreortyx,Oreortyx pictus,Mountain Quail,,,McGowan 2010154,Birds,GALLIFORMES,ODONTOPHORIDAE,Philortyx,Philortyx fasciatus,Banded Quail,,,McGowan 2010155,Birds,GALLIFORMES,ODONTOPHORIDAE,Rhynchortyx,Rhynchortyx cinctus,Tawny-faced Quail,,,McGowan 2010156,Birds,Galliformes,Phasianidae,Acryllium,Acryllium vulturinum,Vulturine Guineafowl,,,FAO World Watch List 157,Birds,Galliformes,Phasianidae,Afropavo,Afropavo congensis,"Congo Peacock, Congo Peafowl",,,McGowan 2010158,Birds,Galliformes,Phasianidae,Alectoris,Alectoris barbara,Barbary Partridge,,,McGowan 2010159,Birds,Galliformes,Phasianidae,Alectoris,Alectoris chukar,"Chuckar, Chukar, Chukar Partridge",,,McGowan 2010160,Birds,Galliformes,Phasianidae,Alectoris,Alectoris graeca,Rock Partridge,,,McGowan 2010161,Birds,Galliformes,Phasianidae,Alectoris,Alectoris magna,"Przevalski's Partridge, Rusty-necklaced Partridge",,,McGowan 2010162,Birds,Galliformes,Phasianidae,Alectoris,Alectoris melanocephala,"Arabian Partridge, Arabian Red-legged Partridge",,,McGowan 2010163,Birds,Galliformes,Phasianidae,Alectoris,Alectoris philbyi,"Philby's Partridge, Philby's Rock Partridge",,,McGowan 2010164,Birds,Galliformes,Phasianidae,Alectoris,Alectoris rufa,Red-legged Partridge,,,McGowan 2010165,Birds,Galliformes,Phasianidae,Ammoperdix,Ammoperdix griseogularis,"See-see, See-see Partridge, See-See Partridge",,,McGowan 2010166,Birds,Galliformes,Phasianidae,Ammoperdix,Ammoperdix heyi,Sand Partridge,,,McGowan 2010167,Birds,Galliformes,Phasianidae,Anurophasis,Anurophasis monorthonyx,"Snow Mountain Quail, Snow Mountains Quail",,,McGowan 2010168,Birds,Galliformes,Phasianidae,Arborophila,Arborophila ardens,"Hainan Partridge, White-eared Hill-partridge, White-eared Partridge",,,McGowan 2010169,Birds,Galliformes,Phasianidae,Arborophila,Arborophila atrogularis,White-cheeked Partridge,,,McGowan 2010170,Birds,Galliformes,Phasianidae,Arborophila,Arborophila brunneopectus,Bar-backed Partridge,,,McGowan 2010171,Birds,Galliformes,Phasianidae,Arborophila,Arborophila cambodiana,Chestnut-headed Partridge,,,McGowan 2010172,Birds,Galliformes,Phasianidae,Arborophila,Arborophila campbelli,Malaysian Partridge,,,McGowan 2010173,Birds,Galliformes,Phasianidae,Arborophila,Arborophila charltonii,"Chestnut-breasted Tree-partridge, Chestnut-necklaced Partridge, Scaly-breasted Partridge",,,McGowan 2010174,Birds,Galliformes,Phasianidae,Arborophila,Arborophila chloropus,"Green-legged Partridge, Scaly-breasted Partridge",,,McGowan 2010175,Birds,Galliformes,Phasianidae,Arborophila,Arborophila crudigularis,Taiwan Partridge,,,McGowan 2010176,Birds,Galliformes,Phasianidae,Arborophila,Arborophila davidi,Orange-necked Partridge,,,McGowan 2010177,Birds,Galliformes,Phasianidae,Arborophila,Arborophila gingica,"Rickett's Hill-partridge, White-necklaced Partridge",,,McGowan 2010178,Birds,Galliformes,Phasianidae,Arborophila,Arborophila hyperythra,Red-breasted Partridge,,,McGowan 2010179,Birds,Galliformes,Phasianidae,Arborophila,Arborophila javanica,Chestnut-bellied Partridge,,,McGowan 2010180,Birds,Galliformes,Phasianidae,Arborophila,Arborophila mandellii,Chestnut-breasted Partridge,,,McGowan 2010181,Birds,Galliformes,Phasianidae,Arborophila,Arborophila orientalis,"Grey-breasted Partridge, White-faced Partridge",,,McGowan 2010182,Birds,Galliformes,Phasianidae,Arborophila,Arborophila rolli,Roll's Partridge,,,McGowan 2010183,Birds,Galliformes,Phasianidae,Arborophila,Arborophila rubrirostris,Red-billed Partridge,,,McGowan 2010184,Birds,Galliformes,Phasianidae,Arborophila,Arborophila rufipectus,Sichuan Partridge,,,McGowan 2010185,Birds,Galliformes,Phasianidae,Arborophila,Arborophila rufogularis,Rufous-throated Partridge,,,McGowan 2010186,Birds,Galliformes,Phasianidae,Arborophila,Arborophila sumatrana,"Grey-breasted Partridge, Sumatran Partridge",,,McGowan 2010187,Birds,Galliformes,Phasianidae,Arborophila,Arborophila torqueola,Hill Partridge,,,McGowan 2010188,Birds,Galliformes,Phasianidae,Argusianus,Argusianus argus,Great Argus,,,McGowan 2010189,Birds,Galliformes,Phasianidae,Argusianus,Argusianus bipunctatus,Double-banded Argus,,,McGowan 2010190,Birds,Galliformes,Phasianidae,Bambusicola,Bambusicola fytchii,"Mountain Bamboo-partridge, Mountain Bamboo Partridge, Mountain Bamboo-Partridge",,,McGowan 2010191,Birds,Galliformes,Phasianidae,Bambusicola,Bambusicola thoracicus,"Chinese Bamboo-partridge, Chinese Bamboo Partridge, Chinese Bamboo-Partridge",,,McGowan 2010192,Birds,Galliformes,Phasianidae,Bonasa,Bonasa bonasia,Hazel Grouse,,,McGowan 2010193,Birds,Galliformes,Phasianidae,Bonasa,Bonasa sewerzowi,Chinese Grouse,,,McGowan 2010194,Birds,Galliformes,Phasianidae,Bonasa,Bonasa umbellus,Ruffed Grouse,,,McGowan 2010195,Birds,Galliformes,Phasianidae,Caloperdix,Caloperdix oculeus,Ferruginous Partridge,,,McGowan 2010196,Birds,Galliformes,Phasianidae,Catreus,Catreus wallichi,"Cheer Pheasant, Chir Pheasant, Wallich's Pheasant",,,McGowan 2010197,Birds,Galliformes,Phasianidae,Centrocercus,Centrocercus minimus,"Gunnison Grouse, Gunnison Sage-grouse, Gunnison Sage Grouse, Gunnison Sage-Grouse",,,McGowan 2010198,Birds,Galliformes,Phasianidae,Centrocercus,Centrocercus urophasianus,"Greater Sage-grouse, Greater Sage Grouse, Greater Sage-Grouse, Sage Grouse",,,McGowan 2010199,Birds,Galliformes,Phasianidae,Chrysolophus,Chrysolophus amherstiae,Lady Amherst's Pheasant,,,McGowan 2010200,Birds,Galliformes,Phasianidae,Chrysolophus,Chrysolophus pictus,Golden Pheasant,,,McGowan 2010201,Birds,Galliformes,Phasianidae,Coturnix,Coturnix chinensis,"Blue Quail, King Quail",,,McGowan 2010202,Birds,Galliformes,Phasianidae,Coturnix,Coturnix coromandelica,Rain Quail,,,McGowan 2010203,Birds,Galliformes,Phasianidae,Coturnix,Coturnix coturnix,"Common Quail, Quail",,,McGowan 2010204,Birds,Galliformes,Phasianidae,Coturnix,Coturnix delegorguei,Harlequin Quail,,,McGowan 2010205,Birds,Galliformes,Phasianidae,Coturnix,Coturnix japonica,Japanese Quail,,,McGowan 2010206,Birds,Galliformes,Phasianidae,Coturnix,Coturnix novaezelandiae,New Zealand Quail,,,McGowan 2010207,Birds,Galliformes,Phasianidae,Coturnix,Coturnix pectoralis,Stubble Quail,,,McGowan 2010208,Birds,Galliformes,Phasianidae,Coturnix,Coturnix ypsilophora,Brown Quail,,,McGowan 2010209,Birds,Galliformes,Phasianidae,Crossoptilon,Crossoptilon auritum,"Blue Eared-pheasant, Blue Eared Pheasant, Blue Eared-Pheasant",,,McGowan 2010210,Birds,Galliformes,Phasianidae,Crossoptilon,Crossoptilon crossoptilon,"White Eared-pheasant, White Eared Pheasant, White Eared-Pheasant",,,McGowan 2010211,Birds,Galliformes,Phasianidae,Crossoptilon,Crossoptilon harmani,"Tibetan Eared-pheasant, Tibetan Eared Pheasant, Tibetan Eared-Pheasant",,,McGowan 2010212,Birds,Galliformes,Phasianidae,Crossoptilon,Crossoptilon mantchuricum,"Brown Eared-pheasant, Brown Eared Pheasant, Brown Eared-Pheasant, Manchurian Eared-pheasant",,,McGowan 2010213,Birds,Galliformes,Phasianidae,Dendragapus,Dendragapus canadensis,Spruce Grouse,,,McGowan 2010214,Birds,Galliformes,Phasianidae,Dendragapus,Dendragapus falcipennis,Siberian Grouse,,,McGowan 2010215,Birds,Galliformes,Phasianidae,Dendragapus,Dendragapus fuliginosus,Sooty Grouse,,,McGowan 2010216,Birds,Galliformes,Phasianidae,Dendragapus,Dendragapus obscurus,Dusky Grouse,,,McGowan 2010217,Birds,Galliformes,Phasianidae,Francolinus,Francolinus adspersus,Red-billed Francolin,,,McGowan 2010218,Birds,Galliformes,Phasianidae,Francolinus,Francolinus afer,"Red-necked Francolin, Red-necked Spurfowl",,,McGowan 2010219,Birds,Galliformes,Phasianidae,Francolinus,Francolinus africanus,"Grey-winged Francolin, Grey-wing Francolin",,,McGowan 2010220,Birds,Galliformes,Phasianidae,Francolinus,Francolinus ahantensis,Ahanta Francolin,,,McGowan 2010221,Birds,Galliformes,Phasianidae,Francolinus,Francolinus albogularis,White-throated Francolin,,,McGowan 2010222,Birds,Galliformes,Phasianidae,Francolinus,Francolinus bicalcaratus,Double-spurred Francolin,,,McGowan 2010223,Birds,Galliformes,Phasianidae,Francolinus,Francolinus camerunensis,"Cameroon Francolin, Mount Cameroon Francolin",,,McGowan 2010224,Birds,Galliformes,Phasianidae,Francolinus,Francolinus capensis,Cape Francolin,,,McGowan 2010225,Birds,Galliformes,Phasianidae,Francolinus,Francolinus castaneicollis,Chestnut-naped Francolin,,,McGowan 2010226,Birds,Galliformes,Phasianidae,Francolinus,Francolinus clappertoni,Clapperton's Francolin,,,McGowan 2010227,Birds,Galliformes,Phasianidae,Francolinus,Francolinus coqui,Coqui Francolin,,,McGowan 2010228,Birds,Galliformes,Phasianidae,Francolinus,Francolinus erckelii,Erckel's Francolin,,,McGowan 2010229,Birds,Galliformes,Phasianidae,Francolinus,Francolinus finschi,Finsch's Francolin,,,McGowan 2010230,Birds,Galliformes,Phasianidae,Francolinus,Francolinus francolinus,Black Francolin,,,McGowan 2010231,Birds,Galliformes,Phasianidae,Francolinus,Francolinus griseostriatus,Grey-striped Francolin,,,McGowan 2010232,Birds,Galliformes,Phasianidae,Francolinus,Francolinus gularis,Swamp Francolin,,,McGowan 2010233,Birds,Galliformes,Phasianidae,Francolinus,Francolinus hartlaubi,Hartlaub's Francolin,,,McGowan 2010234,Birds,Galliformes,Phasianidae,Francolinus,Francolinus harwoodi,Harwood's Francolin,,,McGowan 2010235,Birds,Galliformes,Phasianidae,Francolinus,Francolinus hildebrandti,Hildebrandt's Francolin,,,McGowan 2010236,Birds,Galliformes,Phasianidae,Francolinus,Francolinus icterorhynchus,Heuglin's Francolin,,,McGowan 2010237,Birds,Galliformes,Phasianidae,Francolinus,Francolinus jacksoni,Jackson's Francolin,,,McGowan 2010238,Birds,Galliformes,Phasianidae,Francolinus,Francolinus lathami,Forest Francolin,,,McGowan 2010239,Birds,Galliformes,Phasianidae,Francolinus,Francolinus leucoscepus,Yellow-necked Spurfowl,,,McGowan 2010240,Birds,Galliformes,Phasianidae,Francolinus,Francolinus levaillantii,Red-winged Francolin,,,McGowan 2010241,Birds,Galliformes,Phasianidae,Francolinus,Francolinus levaillantoides,"Orangeriver Francolin, Orange River Francolin",,,McGowan 2010242,Birds,Galliformes,Phasianidae,Francolinus,Francolinus nahani,Nahan's Francolin,,,McGowan 2010243,Birds,Galliformes,Phasianidae,Francolinus,Francolinus natalensis,Natal Francolin,,,McGowan 2010244,Birds,Galliformes,Phasianidae,Francolinus,Francolinus nobilis,Handsome Francolin,,,McGowan 2010245,Birds,Galliformes,Phasianidae,Francolinus,Francolinus ochropectus,"Djibouti Francolin, Ochre-breasted Francolin, Pale-bellied Francolin, Tadjoura Francolin",,,McGowan 2010246,Birds,Galliformes,Phasianidae,Francolinus,Francolinus pictus,Painted Francolin,,,McGowan 2010247,Birds,Galliformes,Phasianidae,Francolinus,Francolinus pintadeanus,Chinese Francolin,,,McGowan 2010248,Birds,Galliformes,Phasianidae,Francolinus,Francolinus pondicerianus,"Gray Francolin, Grey Francolin",,,McGowan 2010249,Birds,Galliformes,Phasianidae,Francolinus,Francolinus psilolaemus,Moorland Francolin,,,McGowan 2010250,Birds,Galliformes,Phasianidae,Francolinus,Francolinus rufopictus,Grey-breasted Spurfowl,,,McGowan 2010251,Birds,Galliformes,Phasianidae,Francolinus,Francolinus schlegelii,Schlegel's Francolin,,,McGowan 2010252,Birds,Galliformes,Phasianidae,Francolinus,Francolinus sephaena,Crested Francolin,,,McGowan 2010253,Birds,Galliformes,Phasianidae,Francolinus,Francolinus shelleyi,Shelley's Francolin,,,McGowan 2010254,Birds,Galliformes,Phasianidae,Francolinus,Francolinus squamatus,Scaly Francolin,,,McGowan 2010255,Birds,Galliformes,Phasianidae,Francolinus,Francolinus streptophorus,Ring-necked Francolin,,,McGowan 2010256,Birds,Galliformes,Phasianidae,Francolinus,Francolinus swainsonii,"Swainson's Francolin, Swainson's Spurfowl",,,McGowan 2010257,Birds,Galliformes,Phasianidae,Francolinus,Francolinus swierstrai,Swierstra's Francolin,,,McGowan 2010258,Birds,Galliformes,Phasianidae,Galloperdix,Galloperdix bicalcarata,"Ceylon Spurfowl, Sri Lanka Spurfowl",,,McGowan 2010259,Birds,Galliformes,Phasianidae,Galloperdix,Galloperdix lunulata,Painted Spurfowl,,,McGowan 2010260,Birds,Galliformes,Phasianidae,Galloperdix,Galloperdix spadicea,Red Spurfowl,,,McGowan 2010261,Birds,Galliformes,Phasianidae,Haematortyx,Haematortyx sanguiniceps,Crimson-headed Partridge,,,McGowan 2010262,Birds,Galliformes,Phasianidae,Ithaginis,Ithaginis cruentus,Blood Pheasant,,,McGowan 2010263,Birds,Galliformes,Phasianidae,Lagopus,Lagopus lagopus,"Willow Grouse and Red Grouse, Willow Ptarmigan",,,McGowan 2010264,Birds,Galliformes,Phasianidae,Lagopus,Lagopus leucura,White-tailed Ptarmigan,,,McGowan 2010265,Birds,Galliformes,Phasianidae,Lagopus,Lagopus muta,"Ptarmigan, Rock Ptarmigan",,,McGowan 2010266,Birds,Galliformes,Phasianidae,Lerwa,Lerwa lerwa,Snow Partridge,,,McGowan 2010267,Birds,Galliformes,Phasianidae,Lophophorus,Lophophorus impejanus,Himalayan Monal,,,McGowan 2010268,Birds,Galliformes,Phasianidae,Lophophorus,Lophophorus lhuysii,"Chinese Impeyan, Chinese Monal",,,McGowan 2010269,Birds,Galliformes,Phasianidae,Lophophorus,Lophophorus sclateri,"Crestless Monal, Sclater's Monal",,,McGowan 2010270,Birds,Galliformes,Phasianidae,Lophura,Lophura bulweri,"Bulwer's Pheasant, Wattled Pheasant, White-tailed Wattled Pheasant",,,McGowan 2010271,Birds,Galliformes,Phasianidae,Lophura,Lophura diardi,"Diard's Fireback, Siamese Fireback",,,McGowan 2010272,Birds,Galliformes,Phasianidae,Lophura,Lophura edwardsi,Edwards's Pheasant,,,McGowan 2010273,Birds,Galliformes,Phasianidae,Lophura,Lophura erythrophthalma,"Crestless Fireback, Rufous-tailed Pheasant",,,McGowan 2010274,Birds,Galliformes,Phasianidae,Lophura,Lophura hatinhensis,"Vietnamese Pheasant, Vietnam Fireback, Vo Quy's Pheasant",,,McGowan 2010275,Birds,Galliformes,Phasianidae,Lophura,Lophura hoogerwerfi,"Aceh Pheasant, Hoogerwerf's Pheasant, Sumatran Pheasant",,,McGowan 2010276,Birds,Galliformes,Phasianidae,Lophura,Lophura ignita,"Crested Fireback, Vieillot's Fireback",,,McGowan 2010277,Birds,Galliformes,Phasianidae,Lophura,Lophura inornata,Salvadori's Pheasant,,,McGowan 2010278,Birds,Galliformes,Phasianidae,Lophura,Lophura leucomelanos,Kalij Pheasant,,,McGowan 2010279,Birds,Galliformes,Phasianidae,Lophura,Lophura nycthemera,Silver Pheasant,,,McGowan 2010280,Birds,Galliformes,Phasianidae,Lophura,Lophura swinhoii,Swinhoe's Pheasant,,,McGowan 2010281,Birds,Galliformes,Phasianidae,Margaroperdix,Margaroperdix madagascariensis,Madagascar Partridge,,,McGowan 2010282,Birds,Galliformes,Phasianidae,Melanoperdix,Melanoperdix niger,"Black Partridge, Black Wood-partridge",,,McGowan 2010283,Birds,Galliformes,Phasianidae,Meleagris,Meleagris gallopavo,Wild turkey,,,FAO World Watch List 284,Birds,Galliformes,Phasianidae,Meleagris,Meleagris ocellata,Ocellated Turkey,,,McGowan 2010285,Birds,Galliformes,Phasianidae,Numida,Numida meleagris,GUINEA FOWL,,"Incl. subsp. N.m. maleagris, miirata and galeata",FAO World Watch List 286,Birds,Galliformes,Phasianidae,Ophrysia,Ophrysia superciliosa,Himalayan Quail,,,McGowan 2010287,Birds,Galliformes,Phasianidae,Pavo,Pavo cristatus,"Common Peafowl, Indian Peafowl, Peafowl",,,McGowan 2010288,Birds,Galliformes,Phasianidae,Pavo,Pavo muticus,"Green-necked Peafowl, Green Peafowl",,,McGowan 2010289,Birds,Galliformes,Phasianidae,Perdicula,Perdicula argoondah,"Rock Bush-quail, Rock Bush Quail, Rock Bush-Quail",,,McGowan 2010290,Birds,Galliformes,Phasianidae,Perdicula,Perdicula asiatica,"Jungle Bush-quail, Jungle Bush Quail, Jungle Bush-Quail",,,McGowan 2010291,Birds,Galliformes,Phasianidae,Perdicula,Perdicula erythrorhyncha,"Painted Bush-quail, Painted Bush Quail, Painted Bush-Quail",,,McGowan 2010292,Birds,Galliformes,Phasianidae,Perdicula,Perdicula manipurensis,"Manipur Bush-quail, Manipur Bush Quail, Manipur Bush-Quail",,,McGowan 2010293,Birds,Galliformes,Phasianidae,Perdix,Perdix dauurica,Daurian Partridge,,,McGowan 2010294,Birds,Galliformes,Phasianidae,Perdix,Perdix hodgsoniae,Tibetan Partridge,,,McGowan 2010295,Birds,Galliformes,Phasianidae,Perdix,Perdix perdix,"Gray Partridge, Grey Partridge, Partridge",,,McGowan 2010296,Birds,Galliformes,Phasianidae,Phasianus,Phasianus colchicus,"Common Pheasant, Pheasant, Ring-necked Pheasant",,,McGowan 2010297,Birds,Galliformes,Phasianidae,Polyplectron,Polyplectron bicalcaratum,"Grey Peacock-pheasant, Grey Peacock-Pheasant",,,McGowan 2010298,Birds,Galliformes,Phasianidae,Polyplectron,Polyplectron chalcurum,"Bronze-tailed Peacock-pheasant, Bronze-tailed Peacock-Pheasant",,,McGowan 2010299,Birds,Galliformes,Phasianidae,Polyplectron,Polyplectron germaini,"Germain's Peacock-pheasant, Germain's Peacock-Pheasant",,,McGowan 2010300,Birds,Galliformes,Phasianidae,Polyplectron,Polyplectron inopinatum,"Mountain Peacock-pheasant, Mountain Peacock-Pheasant, Rothschild's Peacock-pheasant",,,McGowan 2010301,Birds,Galliformes,Phasianidae,Polyplectron,Polyplectron katsumatae,Hainan Peacock-pheasant,,,McGowan 2010302,Birds,Galliformes,Phasianidae,Polyplectron,Polyplectron malacense,"Crested Peacock-pheasant, Malayan Peacock-pheasant, Malayan Peacock-Pheasant",,,McGowan 2010303,Birds,Galliformes,Phasianidae,Polyplectron,Polyplectron napoleonis,"Napoleon's Peacock-pheasant, Palawan Peacock-pheasant, Palawan Peacock-Pheasant",,,McGowan 2010304,Birds,Galliformes,Phasianidae,Polyplectron,Polyplectron schleiermacheri,"Bornean Peacock-pheasant, Bornean Peacock-Pheasant",,,McGowan 2010305,Birds,Galliformes,Phasianidae,Ptilopachus,Ptilopachus petrosus,Stone Partridge,,,McGowan 2010306,Birds,Galliformes,Phasianidae,Pucrasia,Pucrasia macrolopha,Koklass Pheasant,,,McGowan 2010307,Birds,Galliformes,Phasianidae,Rheinardia,Rheinardia ocellata,"Crested Argus, Ocellated Pheasant",,,McGowan 2010308,Birds,Galliformes,Phasianidae,Rhizothera,Rhizothera longirostris,Long-billed Partridge,,,McGowan 2010309,Birds,Galliformes,Phasianidae,Rollulus,Rollulus rouloul,Crested Partridge,,,McGowan 2010310,Birds,Galliformes,Phasianidae,Syrmaticus,Syrmaticus ellioti,"Chinese Barred-backed Pheasant, Elliot's Pheasant",,,McGowan 2010311,Birds,Galliformes,Phasianidae,Syrmaticus,Syrmaticus humiae,"Hume's Bar-tailed Pheasant, Hume's Pheasant, Mrs. Hume's Pheasant",,,McGowan 2010312,Birds,Galliformes,Phasianidae,Syrmaticus,Syrmaticus mikado,Mikado Pheasant,,,McGowan 2010313,Birds,Galliformes,Phasianidae,Syrmaticus,Syrmaticus reevesii,Reeves's Pheasant,,,McGowan 2010314,Birds,Galliformes,Phasianidae,Syrmaticus,Syrmaticus soemmerringii,Copper Pheasant,,,McGowan 2010315,Birds,Galliformes,Phasianidae,Tetrao,Tetrao mlokosiewiczi,"Caucasian Black Grouse, Caucasian Grouse",,,McGowan 2010316,Birds,Galliformes,Phasianidae,Tetrao,Tetrao parvirostris,Black-billed Capercaillie,,,McGowan 2010317,Birds,Galliformes,Phasianidae,Tetrao,Tetrao tetrix,Black Grouse,,,McGowan 2010318,Birds,Galliformes,Phasianidae,Tetrao,Tetrao urogallus,"Capercaillie, Western Capercaillie",,,McGowan 2010319,Birds,Galliformes,Phasianidae,Tetraogallus,Tetraogallus altaicus,Altai Snowcock,,,McGowan 2010320,Birds,Galliformes,Phasianidae,Tetraogallus,Tetraogallus caspius,Caspian Snowcock,,,McGowan 2010321,Birds,Galliformes,Phasianidae,Tetraogallus,Tetraogallus caucasicus,Caucasian Snowcock,,,McGowan 2010322,Birds,Galliformes,Phasianidae,Tetraogallus,Tetraogallus himalayensis,Himalayan Snowcock,,,McGowan 2010323,Birds,Galliformes,Phasianidae,Tetraogallus,Tetraogallus tibetanus,Tibetan Snowcock,,,McGowan 2010324,Birds,Galliformes,Phasianidae,Tetraophasis,Tetraophasis obscurus,"Chestnut-throated Partridge, Verreaux's Monal-Partridge",,,McGowan 2010325,Birds,Galliformes,Phasianidae,Tetraophasis,Tetraophasis szechenyii,"Buff-throated Partridge, Szechenyi's Monal-Partridge",,,McGowan 2010326,Birds,Galliformes,Phasianidae,Tragopan,Tragopan blythii,"Blyth's Tragopan, Grey-bellied Tragopan",,,McGowan 2010327,Birds,Galliformes,Phasianidae,Tragopan,Tragopan caboti,"Cabot's Tragopan, Yellow-billed Tragopan",,,McGowan 2010328,Birds,Galliformes,Phasianidae,Tragopan,Tragopan melanocephalus,"Black-headed Tragopan, Western Horned-pheasant, Western Tragopan",,,McGowan 2010329,Birds,Galliformes,Phasianidae,Tragopan,Tragopan satyra,"Crimson Horned-pheasant, Indian Tragopan, Satyr Tragopan",,,McGowan 2010330,Birds,Galliformes,Phasianidae,Tragopan,Tragopan temminckii,Temminck's Tragopan,,,McGowan 2010331,Birds,Galliformes,Phasianidae,Tympanuchus,Tympanuchus cupido,"Greater Prairie-chicken, Greater Prairie Chicken, Greater Prairie-Chicken",,,McGowan 2010332,Birds,Galliformes,Phasianidae,Tympanuchus,Tympanuchus pallidicinctus,"Lesser Prairie-chicken, Lesser Prairie Chicken, Lesser Prairie-Chicken",,,McGowan 2010333,Birds,Galliformes,Phasianidae,Tympanuchus,Tympanuchus phasianellus,Sharp-tailed Grouse,,,McGowan 2010334,Birds,Galliformes,Phasianidae,Xenoperdix,Xenoperdix udzungwensis,"Udzungwa Forest-partridge, Udzungwa Forest Partridge, Uzungwa Francolin",,,McGowan 2010335,Birds,STRUTHIONIFORMES,CASUARIIDAE,Casuarius,Casuarius bennetti,Dwarf Cassowary,,,FAO World Watch List 336,Birds,STRUTHIONIFORMES,CASUARIIDAE,Casuarius,Casuarius casuarius,Southern Cassowary,,,FAO World Watch List 337,Birds,STRUTHIONIFORMES,CASUARIIDAE,Casuarius,Casuarius unappendiculatus,Northern Cassowary,,,FAO World Watch List 338,Birds,STRUTHIONIFORMES,RHEIDAE,Rhea,Rhea americana,"Rhea, Greater rhea",,,FAO World Watch List 339,Birds,Struthioniformes,Struthionidae,Struthio,Struthio camelus,Common ostrich,,,FAO World Watch List 340,Camelids,Artiodactyla,Camelidae,Camelus,Camelus ferus,Wild camel / Bactrian camel,,,FAO World Watch List 341,Camelids,Artiodactyla,Camelidae,Lama,Lama guanicoe,Guanaco,"Lama glama, L. pacas",,FAO World Watch List 342,Camelids,Artiodactyla,Camelidae,Vicugna,Vicugna vicugna,Vicuna,,,FAO World Watch List 343,"Cattle, bison and buffaloes",Artiodactyla,Bovidae,Bison,Bison bison,American bison/European bison,,,FAO World Watch List 344,"Cattle, bison and buffaloes",Artiodactyla,Bovidae,Bos,Bos frontalis,Gaur,Bos frontalis,,FAO World Watch List 345,"Cattle, bison and buffaloes",Artiodactyla,Bovidae,Bos,Bos grunniens,Yak,Bos grunniens,,FAO World Watch List 346,"Cattle, bison and buffaloes",Artiodactyla,Bovidae,Bos,Bos javanicus,Banteng,Bos javanicus,,FAO World Watch List 347,"Cattle, bison and buffaloes",Artiodactyla,Bovidae,Bos,Bos primigenius,Auroch,"Bos taurus, Bos indicus",,FAO World Watch List 348,"Cattle, bison and buffaloes",Artiodactyla,Bovidae,Bos,Bos sauveli,Kouprey,,,FAO World Watch List 349,"Cattle, bison and buffaloes",Artiodactyla,Bovidae,Bubalus,Bubalus bubalis,Wild Asian buffalo,Bubalus bubalis,,FAO World Watch List 350,"Cattle, bison and buffaloes",Artiodactyla,Bovidae,Bubalus,Bubalus depressicornis,Lowland Anoa,,,FAO World Watch List 351,"Cattle, bison and buffaloes",Artiodactyla,Bovidae,Bubalus,Bubalus mindorensis,Tamaraw,,,FAO World Watch List 352,"Cattle, bison and buffaloes",Artiodactyla,Bovidae,Bubalus,Bubalus quarlesi,Mountain Anoa,,,FAO World Watch List 353,"Cattle, bison and buffaloes",Artiodactyla,Bovidae,Syncerus,Syncerus caffer,African buffalo,,,FAO World Watch List 354,"Cattle, bison and buffaloes",CETARTIODACTYLA,Bovidae,Bison,Bison bonasus,,,,McGowan 2010355,"Cattle, bison and buffaloes",CETARTIODACTYLA,Bovidae,Bos,Bos gaurus,,,,McGowan 2010356,"Cattle, bison and buffaloes",CETARTIODACTYLA,Bovidae,Bos,Bos mutus,,,,McGowan 2010357,"Cattle, bison and buffaloes",CETARTIODACTYLA,Bovidae,Bubalus,Bubalus arnee,,,,McGowan 2010358,Civet cats,Carnivora,Viverridae,Viverra,Viverra civetta,African civet,,,FAO World Watch List 359,Civet cats,Carnivora,Viverridae,Viverra,Viverricula indica,Small Indian civet,,,FAO World Watch List 360,Crocodillians,CROCODYLIA,ALLIGATORIDAE,Alligator,Alligator mississippiensis,American alligator,,,FAO World Watch List 361,Crocodillians,CROCODYLIA,Crocodylidae,Crocodylus,Crocodylus niloticus,Nile crocodile,,,FAO World Watch List 362,Crocodillians,CROCODYLIA,Crocodylidae,Crocodylus,Crocodylus novaeguineae,New Guinea Crocodile,,,FAO World Watch List 363,Crocodillians,CROCODYLIA,Crocodylidae,Crocodylus,Crocodylus porosus,Salt-water crocodile,,,FAO World Watch List 364,Crocodillians,CROCODYLIA,Crocodylidae,Crocodylus,Crocodylus siamensis,Siamese Crocodile,,,FAO World Watch List 365,Deer,Artiodactyla,Cervidae,Alces,Alces alces,Elk,,,FAO World Watch List 366,Deer,Artiodactyla,Cervidae,Alces,Alces americanus,Moose,,,FAO World Watch List 367,Deer,Artiodactyla,Cervidae,Axis,Axis axis,Chital,,,FAO World Watch List 368,Deer,Artiodactyla,Cervidae,Axis,Axis porcinus,Hog deer,,,FAO World Watch List 369,Deer,Artiodactyla,Cervidae,Cervus,Cervus elaphus,Red deer,,,FAO World Watch List 370,Deer,Artiodactyla,Cervidae,Cervus,Cervus nippon,Sika deer,,,FAO World Watch List 371,Deer,Artiodactyla,Cervidae,Dama,Dama dama,Fallow deer,,,FAO World Watch List 372,Deer,Artiodactyla,Cervidae,Elaphurus,Elaphurus davidianus,Pere Davids Deer,,,FAO World Watch List 373,Deer,Artiodactyla,Cervidae,Moschus,Moschus moschiferus,Musk deer,,,FAO World Watch List 374,Deer,Artiodactyla,Cervidae,Rangifer,Rangifer tarandus,Reindeer / Caribou,,,FAO World Watch List 375,Deer,Artiodactyla,Cervidae,Rusa,Rusa timorensis,Javan rusa,,syn. Cervus timorensis,FAO World Watch List 376,Deer,Artiodactyla,Cervidae,Rusa,Rusa unicolor,Sambar deer,,syn. Cervus unicolor,FAO World Watch List 377,Elephants,Proboscidae,Elephantidae,Elephas,Elephas maximus,Asian elephant,,,FAO World Watch List 378,Elephants,Proboscidae,Elephantidae,Loxodonta,Loxodonta africana,African elephant,,,FAO World Watch List 379,Horses and asses,Perissodactyla,Equidae,Equus,Equus africanus,African wild ass,,,FAO World Watch List 380,Horses and asses,Perissodactyla,Equidae,Equus,Equus hemionus,Asian wild ass,,"Includes subsp E. h. onager (Onager), E. h. kulan (Kulan), E.h. luteus (Dziggatai), E.h. khur (Indian wild ass)",FAO World Watch List 381,Horses and asses,Perissodactyla,Equidae,Equus,Equus kiang,Kiang,,,FAO World Watch List 382,Horses and asses,Perissodactyla,Equidae,Equus,Equus przewalskii,PRZEWALSKIÕS WILD HORSE,E. caballus,,FAO World Watch List 383,Musk ox,Artiodactyla,Bovidae,Ovibos,Ovibos moschatus,Musk ox,,,FAO World Watch List 384,Pigs,CETARTIODACTYLA,SUIDAE,Babyrousa,Babyrousa babyrussa,,,,McGowan 2010385,Pigs,CETARTIODACTYLA,SUIDAE,Babyrousa,Babyrousa celebensis,,,,McGowan 2010386,Pigs,CETARTIODACTYLA,SUIDAE,Babyrousa,Babyrousa togeanensis,,,,McGowan 2010387,Pigs,CETARTIODACTYLA,SUIDAE,Hylochoerus,Hylochoerus meinertzhageni,,,,McGowan 2010388,Pigs,CETARTIODACTYLA,SUIDAE,Phacochoerus,Phacochoerus aethiopicus,,,,McGowan 2010389,Pigs,CETARTIODACTYLA,SUIDAE,Phacochoerus,Phacochoerus africanus,,,,McGowan 2010390,Pigs,CETARTIODACTYLA,SUIDAE,Porcula,Porcula salvania,,,,McGowan 2010391,Pigs,CETARTIODACTYLA,SUIDAE,Potamochoerus,Potamochoerus larvatus,,,,McGowan 2010392,Pigs,CETARTIODACTYLA,SUIDAE,Potamochoerus,Potamochoerus porcus,,,,McGowan 2010393,Pigs,CETARTIODACTYLA,SUIDAE,Sus,Sus ahoenobarbus,,,,McGowan 2010394,Pigs,CETARTIODACTYLA,SUIDAE,Sus,Sus bucculentus,,,,McGowan 2010395,Rabbits,Lagomorpha,Leporidae,Oryctolagus,Oryctolagus cuniculus,European rabbit,,,FAO World Watch List 396,Reptiles,Sauria,Iguanidae,Ctenosaura,Ctenosaura alfredschmidti,Campeche Spiny-tailed Iguana,,,FAO World Watch List - all Ctenosaura spp.397,Reptiles,Sauria,Iguanidae,Ctenosaura,Ctenosaura bakeri,"Utila Spiny-tailed Iguana, Baker's Spinytail Iguana, Swamper",,,FAO World Watch List - all Ctenosaura spp.398,Reptiles,Sauria,Iguanidae,Ctenosaura,Ctenosaura clarki,"Balsas Spiny-tailed Iguana, Balsas Armed Lizard, Michoacï¿½n Dwarf Spiny-tailed Iguana",,,FAO World Watch List - all Ctenosaura spp.399,Reptiles,Sauria,Iguanidae,Ctenosaura,Ctenosaura defensor,Yucatï¿½n Spiny-tailed Iguana,,,FAO World Watch List - all Ctenosaura spp.400,Reptiles,Sauria,Iguanidae,Ctenosaura,Ctenosaura flavidorsalis,Yellow-backed Spiny-tailed Iguana,,,FAO World Watch List - all Ctenosaura spp.401,Reptiles,Sauria,Iguanidae,Ctenosaura,Ctenosaura melanosterna,"Black-chested Spiny-tailed Iguana, Aguï¿½n Valley Iguana, Cayos Cochinos Iguana, Rio Aguï¿½n Iguana",,,FAO World Watch List - all Ctenosaura spp.402,Reptiles,Sauria,Iguanidae,Ctenosaura,Ctenosaura oaxacana,Oaxaca Spiny-tailed Iguana,,,FAO World Watch List - all Ctenosaura spp.403,Reptiles,Sauria,Iguanidae,Ctenosaura,Ctenosaura oedirhina,"Roatï¿½n Spiny-tailed Iguana, De Queiroz's Spiny-tailed Iguana, Wishywilly",,,FAO World Watch List - all Ctenosaura spp.404,Reptiles,Sauria,Iguanidae,Ctenosaura,Ctenosaura palearis,"Motagua Spiny-tailed Iguana, Guatemalan Black Iguana, Guatemalan Spiny-tailed Iguana",,,FAO World Watch List - all Ctenosaura spp.405,Reptiles,Sauria,Iguanidae,Ctenosaura,Ctenosaura praeocularis,Southern Honduran Spiny-tailed Iguana,,,FAO World Watch List - all Ctenosaura spp.406,Reptiles,Sauria,Iguanidae,Ctenosaura,Ctenosaura quinquecariniata,"Five-keeled Spiny-tailed Iguana, Oaxacan Spiny-tailed Iguana, Oaxacan Spinytail Iguana",,,FAO World Watch List - all Ctenosaura spp.407,Reptiles,Sauria,Iguanidae,Ctenosaura,Ctenosaura similis,"Common Spiny-tailed Iguana, Black Iguana, Black Spiny-tailed Iguana",,,FAO World Watch List - all Ctenosaura spp.408,Reptiles,Sauria,Iguanidae,Iguana,Iguana iguana,Green iguana,,,FAO World Watch List 409,Rodents,Rodentia,Agoutidae,Agouti,Agouti paca,Paca,,,FAO World Watch List 410,Rodents,Rodentia,Capromyidae,Capromys,Capromys pilorides,Hutia,,,FAO World Watch List 411,Rodents,Rodentia,Caviidae,Cavia,Cavia aperea,Brazilian Guinea Pig,,,FAO World Watch List - all RL Cavia spp.412,Rodents,Rodentia,Caviidae,Cavia,Cavia fulgida,Shiny Guinea Pig,,,FAO World Watch List - all RL Cavia spp.413,Rodents,Rodentia,Caviidae,Cavia,Cavia intermedia,,,,FAO World Watch List - all RL Cavia spp.414,Rodents,Rodentia,Caviidae,Cavia,Cavia magna,Greater Guinea Pig,,,FAO World Watch List - all RL Cavia spp.415,Rodents,Rodentia,Caviidae,Cavia,Cavia tschudii,Montane Guinea Pig,,,FAO World Watch List - all RL Cavia spp.416,Rodents,Rodentia,Caviidae,Dolichotis,Dolichotis patagonum,Mara,,,FAO World Watch List 417,Rodents,Rodentia,Caviidae,Dolichotis,Dolichotis salinicola,Chacoan Mara,,,FAO World Watch List 418,Rodents,Rodentia,Caviidae,Kerodon,Kerodon rupestris,Rock Cavy,,,FAO World Watch List 419,Rodents,Rodentia,CHINCHILLIDAE,Chinchilla,Chinchilla chinchilla,Short-tailed chinchilla,,syn. Chinchilla brevicaudata,FAO World Watch List 420,Rodents,Rodentia,CHINCHILLIDAE,Chinchilla,Chinchilla lanigera,Long-tailed chinchilla,,,FAO World Watch List 421,Rodents,Rodentia,Chinchillidae,Lagostomus,Lagostomus maximus,Vizcachas,,,FAO World Watch List 422,Rodents,Rodentia,Dasyproctidae,Dasyprocta,Dasyprocta azarae,Azara's Agouti,,,FAO World Watch List - all RL Dasyprocta spp.423,Rodents,Rodentia,Dasyproctidae,Dasyprocta,Dasyprocta coibae,Coiban Agouti,,,FAO World Watch List - all RL Dasyprocta spp.424,Rodents,Rodentia,Dasyproctidae,Dasyprocta,Dasyprocta cristata,Crested Agouti,,,FAO World Watch List - all RL Dasyprocta spp.425,Rodents,Rodentia,Dasyproctidae,Dasyprocta,Dasyprocta fuliginosa,Black Agouti,,,FAO World Watch List - all RL Dasyprocta spp.426,Rodents,Rodentia,Dasyproctidae,Dasyprocta,Dasyprocta guamara,Orinoco Agouti,,,FAO World Watch List - all RL Dasyprocta spp.427,Rodents,Rodentia,Dasyproctidae,Dasyprocta,Dasyprocta kalinowskii,Kalinowski Agouti,,,FAO World Watch List - all RL Dasyprocta spp.428,Rodents,Rodentia,Dasyproctidae,Dasyprocta,Dasyprocta leporina,"Red-rumped Agouti, Brazilian Agouti",,,FAO World Watch List - all RL Dasyprocta spp.429,Rodents,Rodentia,Dasyproctidae,Dasyprocta,Dasyprocta mexicana,Mexican Agouti,,,FAO World Watch List - all RL Dasyprocta spp.430,Rodents,Rodentia,Dasyproctidae,Dasyprocta,Dasyprocta prymnolopha,Black-rumped Agouti,,,FAO World Watch List - all RL Dasyprocta spp.431,Rodents,Rodentia,Dasyproctidae,Dasyprocta,Dasyprocta punctata,Central American Agouti,,,FAO World Watch List - all RL Dasyprocta spp.432,Rodents,Rodentia,Dasyproctidae,Dasyprocta,Dasyprocta ruatanica,"Roatan Island Agouti, Ruatan Island Agouti",,,FAO World Watch List - all RL Dasyprocta spp.433,Rodents,Rodentia,DINOMYIDAE,Dinomys,Dinomys branickii,Pacarana,,,FAO World Watch List 434,Rodents,Rodentia,Hydrochoeridae,Hydrochoerus,Hydrochoerus hydrochaeris,Capybara,,,FAO World Watch List 435,Rodents,Rodentia,HYSTRICIDAE,Hystrix,Hystrix africaeaustralis,Cape Porcupine,,,FAO World Watch List - all Hystrix spp. on RL436,Rodents,Rodentia,HYSTRICIDAE,Hystrix,Hystrix brachyura,"Malayan Porcupine, Himalayan Crestless Porcupine",,,FAO World Watch List - all Hystrix spp. on RL437,Rodents,Rodentia,HYSTRICIDAE,Hystrix,Hystrix crassispinis,Thick-spined Porcupine,,,FAO World Watch List - all Hystrix spp. on RL438,Rodents,Rodentia,HYSTRICIDAE,Hystrix,Hystrix cristata,"Crested Porcupine, North African Crested Porcupine",,,FAO World Watch List - all Hystrix spp. on RL439,Rodents,Rodentia,HYSTRICIDAE,Hystrix,Hystrix indica,Indian Crested Porcupine,,,FAO World Watch List - all Hystrix spp. on RL440,Rodents,Rodentia,HYSTRICIDAE,Hystrix,Hystrix javanica,Sunda Porcupine,,,FAO World Watch List - all Hystrix spp. on RL441,Rodents,Rodentia,HYSTRICIDAE,Hystrix,Hystrix pumila,"Phillipine Porcupine, Indonesian Porcupine, Palawan Porcupine",,,FAO World Watch List - all Hystrix spp. on RL442,Rodents,Rodentia,HYSTRICIDAE,Hystrix,Hystrix sumatrae,Sumatran Porcupine,,,FAO World Watch List - all Hystrix spp. on RL443,Rodents,Rodentia,Muridae,Cricetomys,Cricetomys emini,"Forest Giant Pouched Rat, Giant Rat",,,FAO World Watch List 444,Rodents,Rodentia,Muridae,Cricetomys,Cricetomys gambianus,"Gambian Rat, Northern Giant Pouched Rat",,,FAO World Watch List 445,Rodents,Rodentia,Muridae,Mallomys,Mallomys rothschildi,Rothschild's Woolly Rat,,,FAO World Watch List 446,Rodents,Rodentia,Muridae,Phloeomys,Phloeomys cumingi,"Southern Luzon Phloeomys, Southern Giant Slender-tailed Cloud Rat, Southern Luzon Giant Cloud Rat",,,FAO World Watch List - all Ploeomys spp. on RL447,Rodents,Rodentia,Muridae,Phloeomys,Phloeomys pallidus,"Northern Luzon Phloeomys, Northern Luzon Giant Cloud Rat",,,FAO World Watch List - all Ploeomys spp. on RL448,Rodents,Rodentia,Muridae,Praomys,Praomys daltoni,"Dalton's Mouse, Dalton's Praomys",,,FAO World Watch List - all Praomys spp. on RL449,Rodents,Rodentia,Muridae,Praomys,Praomys degraaffi,De Graaff's Praomys,,,FAO World Watch List - all Praomys spp. on RL450,Rodents,Rodentia,Muridae,Praomys,Praomys delectorum,"East African Praomys, Delectable Soft-furred Mouse",,,FAO World Watch List - all Praomys spp. on RL451,Rodents,Rodentia,Muridae,Praomys,Praomys derooi,"Deroo's Mouse, Deroo's Praomys",,,FAO World Watch List - all Praomys spp. on RL452,Rodents,Rodentia,Muridae,Praomys,Praomys hartwigi,"Hartwig's Praomys, Hartwig's Soft-furred Mouse",,,FAO World Watch List - all Praomys spp. on RL453,Rodents,Rodentia,Muridae,Praomys,Praomys jacksoni,"Jackson's Praomys, Jackson's Soft-furred Mouse",,,FAO World Watch List - all Praomys spp. on RL454,Rodents,Rodentia,Muridae,Praomys,Praomys lukolelae,Lukolela Swamp Rat,,,FAO World Watch List - all Praomys spp. on RL455,Rodents,Rodentia,Muridae,Praomys,Praomys minor,"Least Praomys, Least Soft-furred Mouse",,,FAO World Watch List - all Praomys spp. on RL456,Rodents,Rodentia,Muridae,Praomys,Praomys misonnei,"Misonne's Praomys, Misonne's Soft-furred Mouse",,,FAO World Watch List - all Praomys spp. on RL457,Rodents,Rodentia,Muridae,Praomys,Praomys morio,"Cameroon Praomys, Cameroon Soft-furred Mouse",,,FAO World Watch List - all Praomys spp. on RL458,Rodents,Rodentia,Muridae,Praomys,Praomys mutoni,"Muton's Soft-furred Mouse, Riverine Praomys",,,FAO World Watch List - all Praomys spp. on RL459,Rodents,Rodentia,Muridae,Praomys,Praomys obscurus,,,,FAO World Watch List - all Praomys spp. on RL460,Rodents,Rodentia,Muridae,Praomys,Praomys petteri,Petter's Praomys,,,FAO World Watch List - all Praomys spp. on RL461,Rodents,Rodentia,Muridae,Praomys,Praomys rostratus,"Forest Soft-furred Mouse, West African Praomys",,,FAO World Watch List - all Praomys spp. on RL462,Rodents,Rodentia,Muridae,Praomys,Praomys tullbergi,"Tullberg's Praomys, Tullberg's Soft-furred Mouse",,,FAO World Watch List - all Praomys spp. on RL463,Rodents,Rodentia,Muridae,Praomys,Praomys verschureni,Verschuren's Swamp Rat,,,FAO World Watch List - all Praomys spp. on RL464,Rodents,Rodentia,Muridae,Rattus,Rattus exulans,Polynesian Rat,,,FAO World Watch List 465,Rodents,Rodentia,Myocastoridae,Myocastor,Myocastor coypus,Coypu,,,FAO World Watch List 466,Rodents,Rodentia,PEDETIDAE,Pedetes,Pedetes capensis,Spring hare,,,FAO World Watch List 467,Rodents,Rodentia,Sciuridae,Callosciurus,Callosciurus adamsi,Ear-spot Squirrel,,,FAO World Watch List - all Callosciurus spp. on RL468,Rodents,Rodentia,Sciuridae,Callosciurus,Callosciurus albescens,"Klosss Squirrel, Kloss Squirrel",,,FAO World Watch List - all Callosciurus spp. on RL469,Rodents,Rodentia,Sciuridae,Callosciurus,Callosciurus baluensis,"Kinabalu Squirrel, Inabalu Squirrel",,,FAO World Watch List - all Callosciurus spp. on RL470,Rodents,Rodentia,Sciuridae,Callosciurus,Callosciurus caniceps,Gray-bellied Squirrel,,,FAO World Watch List - all Callosciurus spp. on RL471,Rodents,Rodentia,Sciuridae,Callosciurus,Callosciurus erythraeus,Pallas's Squirrel,,,FAO World Watch List - all Callosciurus spp. on RL472,Rodents,Rodentia,Sciuridae,Callosciurus,Callosciurus finlaysonii,"Finlaysons Squirrel, Finlayson's Squirrel",,,FAO World Watch List - all Callosciurus spp. on RL473,Rodents,Rodentia,Sciuridae,Callosciurus,Callosciurus inornatus,Inornate Squirrel,,,FAO World Watch List - all Callosciurus spp. on RL474,Rodents,Rodentia,Sciuridae,Callosciurus,Callosciurus melanogaster,Mentawai Squirrel,,,FAO World Watch List - all Callosciurus spp. on RL475,Rodents,Rodentia,Sciuridae,Callosciurus,Callosciurus nigrovittatus,Black-striped Squirrel,,,FAO World Watch List - all Callosciurus spp. on RL476,Rodents,Rodentia,Sciuridae,Callosciurus,Callosciurus notatus,Plantain Squirrel,,,FAO World Watch List - all Callosciurus spp. on RL477,Rodents,Rodentia,Sciuridae,Callosciurus,Callosciurus orestes,Borneo Black-banded Squirrel,,,FAO World Watch List - all Callosciurus spp. on RL478,Rodents,Rodentia,Sciuridae,Callosciurus,Callosciurus phayrei,Phayre's Squirrel,,,FAO World Watch List - all Callosciurus spp. on RL479,Rodents,Rodentia,Sciuridae,Callosciurus,Callosciurus prevostii,Prevost's Squirrel,,,FAO World Watch List - all Callosciurus spp. on RL480,Rodents,Rodentia,Sciuridae,Callosciurus,Callosciurus pygerythrus,"Hoary-bellied Squirrel, Irrawaddy Squirrel",,,FAO World Watch List - all Callosciurus spp. on RL481,Rodents,Rodentia,Sciuridae,Callosciurus,Callosciurus quinquestriatus,Anderson's Squirrel,,,FAO World Watch List - all Callosciurus spp. on RL482,Rodents,Rodentia,Spalacidae,Rhizomys,Rhizomys pruinosus,Hoary Bamboo Rat,,,FAO World Watch List - all Rhizomys spp. on RL483,Rodents,Rodentia,Spalacidae,Rhizomys,Rhizomys sinensis,Chinese Bamboo Rat,,,FAO World Watch List - all Rhizomys spp. on RL484,Rodents,Rodentia,Spalacidae,Rhizomys,Rhizomys sumatrensis,"Indomalayan Bamboo Rat, Large Bamboo Rat",,,FAO World Watch List - all Rhizomys spp. on RL485,Rodents,Rodentia,Thryonomyidae,Thryonomys,Thryonomys gregorianus,Lesser Cane Rat,,,FAO World Watch List 486,Rodents,Rodentia,Thryonomyidae,Thryonomys,Thryonomys swinderianus,Greater Cane Rat,,,FAO World Watch List 487,Rodents,Rodentia,,,Proechimys guyannensis,Cayenne Spiny Rat,,,FAO World Watch List 488,Sheep and goats,Artiodactyla,Bovidae,Capra,Capra aegagrus,Wild goat,C. a. hircus or C. hircus,,FAO World Watch List 489,Sheep and goats,Artiodactyla,Bovidae,Capra,Capra caucasica ,Western tur,C. a. hircus or C. hircus,,INCL GENUS CAPRA IUCN RL490,Sheep and goats,Artiodactyla,Bovidae,Capra,Capra cylindricornis ,Eastern tur,C. a. hircus or C. hircus,,INCL GENUS CAPRA IUCN RL491,Sheep and goats,Artiodactyla,Bovidae,Capra,Capra falconeri,,C. a. hircus or C. hircus,,FAO World Watch List 492,Sheep and goats,Artiodactyla,Bovidae,Capra,Capra ibex,Alpine ibex,C. a. hircus or C. hircus,,FAO World Watch List 493,Sheep and goats,Artiodactyla,Bovidae,Capra,Capra nubiana,Nubian ibex,C. a. hircus or C. hircus,,FAO World Watch List 494,Sheep and goats,Artiodactyla,Bovidae,Capra,Capra pyrenaica ,Iberian wild goat,C. a. hircus or C. hircus,,INCL GENUS CAPRA IUCN RL495,Sheep and goats,Artiodactyla,Bovidae,Capra,Capra sibirica,Siberian ibex,C. a. hircus or C. hircus,,INCL GENUS CAPRA IUCN RL496,Sheep and goats,Artiodactyla,Bovidae,Capra,Capra walie ,Walia ibex,C. a. hircus or C. hircus,,INCL GENUS CAPRA IUCN RL497,Sheep and goats,Artiodactyla,Bovidae,Ovis,Ovis ammon,Argali,Ovis aries,,FAO World Watch List 498,Sheep and goats,Artiodactyla,Bovidae,Ovis,Ovis canadensis,Bighorn sheep,Ovis aries,,FAO World Watch List 499,Sheep and goats,Artiodactyla,Bovidae,Ovis,Ovis dalli,Thinhorn sheep / Dalli sheep,Ovis aries,,FAO World Watch List 500,Sheep and goats,Artiodactyla,Bovidae,Ovis,Ovis nivicola,Snow sheep,Ovis aries,,FAO World Watch List 501,Sheep and goats,Artiodactyla,Bovidae,Ovis,Ovis orientalis,Asian mouflon / Urial,Ovis aries,Includes supspp O. o. musimon (European mouflon) and O. o. vignei (Urial),FAO World Watch List 502,Sheep and goats,CETARTIODACTYLA,Bovidae,Ammotragus,Ammotragus lervia,,,,McGowan 2010503,Sheep and goats,CETARTIODACTYLA,Bovidae,Arabitragus,Arabitragus jayakari,,,,McGowan 2010504,Sheep and goats,CETARTIODACTYLA,Bovidae,Budorcas,Budorcas taxicolor,,,,McGowan 2010505,Sheep and goats,CETARTIODACTYLA,Bovidae,Capra,Capra caucasica,,,,McGowan 2010506,Sheep and goats,CETARTIODACTYLA,Bovidae,Capra,Capra cylindricornis,,,,McGowan 2010507,Sheep and goats,CETARTIODACTYLA,Bovidae,Capra,Capra pyrenaica,,,,McGowan 2010508,Sheep and goats,CETARTIODACTYLA,Bovidae,Capra,Capra walie,,,,McGowan 2010509,Sheep and goats,CETARTIODACTYLA,Bovidae,Capricornis,Capricornis crispus,,,,McGowan 2010510,Sheep and goats,CETARTIODACTYLA,Bovidae,Capricornis,Capricornis milneedwardsii,,,,McGowan 2010511,Sheep and goats,CETARTIODACTYLA,Bovidae,Capricornis,Capricornis rubidus,,,,McGowan 2010512,Sheep and goats,CETARTIODACTYLA,Bovidae,Capricornis,Capricornis sumatraensis,,,,McGowan 2010513,Sheep and goats,CETARTIODACTYLA,Bovidae,Capricornis,Capricornis swinhoei,,,,McGowan 2010514,Sheep and goats,CETARTIODACTYLA,Bovidae,Capricornis,Capricornis thar,,,,McGowan 2010515,Sheep and goats,CETARTIODACTYLA,Bovidae,Hemitragus,Hemitragus jemlahicus,,,,McGowan 2010516,Sheep and goats,CETARTIODACTYLA,Bovidae,Naemorhedus,Naemorhedus baileyi,,,,McGowan 2010517,Sheep and goats,CETARTIODACTYLA,Bovidae,Naemorhedus,Naemorhedus caudatus,,,,McGowan 2010518,Sheep and goats,CETARTIODACTYLA,Bovidae,Naemorhedus,Naemorhedus goral,,,,McGowan 2010519,Sheep and goats,CETARTIODACTYLA,Bovidae,Naemorhedus,Naemorhedus griseus,,,,McGowan 2010520,Sheep and goats,CETARTIODACTYLA,Bovidae,Nilgiritragus,Nilgiritragus hylocrius,,,,McGowan 2010521,Sheep and goats,CETARTIODACTYLA,Bovidae,Oreamnos,Oreamnos americanus,,,,McGowan 2010522,Sheep and goats,CETARTIODACTYLA,Bovidae,Pantholops,Pantholops hodgsonii,,,,McGowan 2010523,Sheep and goats,CETARTIODACTYLA,Bovidae,Pseudois,Pseudois nayaur,,,,McGowan 2010524,Sheep and goats,CETARTIODACTYLA,Bovidae,Pseudois,Pseudois schaeferi,,,,McGowan 2010525,Sheep and goats,CETARTIODACTYLA,Bovidae,Rupicapra,Rupicapra pyrenaica,,,,McGowan 2010526,Sheep and goats,CETARTIODACTYLA,Bovidae,Rupicapra,Rupicapra rupicapra,,,,McGowan 2010527,Pigs,Artiodactyla,Suidae,Sus,Sus barbatus,Western bearded pig,,,IUCN RL - noted as at risk from hyribisation with S. scrofa528,Pigs,Artiodactyla,Suidae,Sus,Sus cebifrons,Visayan Warty Pig,,,IUCN RL - noted as at risk from hyribisation with S. scrofa529,Pigs,Artiodactyla,Suidae,Sus,Sus celebensis,Sulawesi Warty Pig,,,FAO World Watch List 530,Pigs,Artiodactyla,Suidae,Sus,Sus oliveri,Oliver's Warty Pig,,,IUCN RL - noted as at risk from hyribisation with S. scrofa531,Pigs,Artiodactyla,Suidae,Sus,Sus philippensis,Philippine Warty Pig,,,IUCN RL - noted as at risk from hyribisation with S. scrofa532,Pigs,Artiodactyla,Suidae,Sus,Sus scrofa,Wild boar,,,FAO World Watch List 533,Pigs,Artiodactyla,Suidae,Sus,Sus verrucosus,"Javan Warty Pig, Javan Pig",,,IUCN RL - noted as at risk from hyribisation with S. scrofa